_id,count_id,count_date,location_name,longitude,latitude,centreline_type,centreline_id,px,start_time,end_time,n_appr_cars_r,n_appr_cars_t,n_appr_cars_l,s_appr_cars_r,s_appr_cars_t,s_appr_cars_l,e_appr_cars_r,e_appr_cars_t,e_appr_cars_l,w_appr_cars_r,w_appr_cars_t,w_appr_cars_l,n_appr_truck_r,n_appr_truck_t,n_appr_truck_l,s_appr_truck_r,s_appr_truck_t,s_appr_truck_l,e_appr_truck_r,e_appr_truck_t,e_appr_truck_l,w_appr_truck_r,w_appr_truck_t,w_appr_truck_l,n_appr_bus_r,n_appr_bus_t,n_appr_bus_l,s_appr_bus_r,s_appr_bus_t,s_appr_bus_l,e_appr_bus_r,e_appr_bus_t,e_appr_bus_l,w_appr_bus_r,w_appr_bus_t,w_appr_bus_l,n_appr_peds,s_appr_peds,e_appr_peds,w_appr_peds,n_appr_bike,s_appr_bike,e_appr_bike,w_appr_bike
48493,41251,2020-01-16,Yonge St / The Esplanade,-79.3765030771403,43.6457838773097,2,13467425,2345.0,2020-01-16T07:30:00,2020-01-16T07:45:00,0,63,7,34,181,0,6,1,7,0,0,0,1,13,1,1,20,0,1,0,0,0,0,0,0,1,0,1,1,0,1,0,1,3,0,0,94,11,51,111,1,2,1,0
48494,41251,2020-01-16,Yonge St / The Esplanade,-79.3765030771403,43.6457838773097,2,13467425,2345.0,2020-01-16T07:45:00,2020-01-16T08:00:00,2,57,4,53,195,0,11,1,22,0,0,0,0,7,0,4,11,0,0,0,0,0,0,0,0,0,0,0,0,0,1,0,0,3,0,0,157,13,41,132,0,1,1,0
48495,41251,2020-01-16,Yonge St / The Esplanade,-79.3765030771403,43.6457838773097,2,13467425,2345.0,2020-01-16T08:00:00,2020-01-16T08:15:00,2,56,8,57,207,0,2,1,20,0,0,0,0,4,0,3,15,0,1,0,1,0,0,0,0,1,1,1,1,0,2,0,0,2,0,0,136,14,62,176,1,6,4,0
48496,41251,2020-01-16,Yonge St / The Esplanade,-79.3765030771403,43.6457838773097,2,13467425,2345.0,2020-01-16T08:15:00,2020-01-16T08:30:00,1,54,10,48,200,0,12,3,14,0,0,0,1,9,0,3,13,0,2,0,0,0,0,0,0,2,0,0,0,0,1,0,0,3,0,0,153,12,79,192,1,13,3,0
48497,41251,2020-01-16,Yonge St / The Esplanade,-79.3765030771403,43.6457838773097,2,13467425,2345.0,2020-01-16T08:30:00,2020-01-16T08:45:00,1,50,7,59,249,0,11,1,8,0,0,0,0,6,0,3,10,0,1,0,0,0,0,0,0,0,0,0,1,0,0,0,0,2,0,0,201,21,125,219,0,4,5,0
48498,41251,2020-01-16,Yonge St / The Esplanade,-79.3765030771403,43.6457838773097,2,13467425,2345.0,2020-01-16T08:45:00,2020-01-16T09:00:00,1,46,9,50,202,0,13,1,16,0,0,0,0,6,0,1,10,0,2,0,0,0,0,0,0,3,2,0,0,0,1,0,0,1,0,0,223,18,90,288,1,8,1,0
48499,41251,2020-01-16,Yonge St / The Esplanade,-79.3765030771403,43.6457838773097,2,13467425,2345.0,2020-01-16T09:00:00,2020-01-16T09:15:00,1,46,7,61,205,0,11,1,14,0,0,0,0,5,0,5,17,0,0,0,0,0,0,0,0,0,0,0,1,0,2,0,0,1,0,0,180,14,70,185,0,1,4,0
48500,41251,2020-01-16,Yonge St / The Esplanade,-79.3765030771403,43.6457838773097,2,13467425,2345.0,2020-01-16T09:15:00,2020-01-16T09:30:00,3,44,6,56,193,0,13,1,12,0,0,0,0,4,1,3,10,0,0,0,0,1,0,0,0,0,0,0,1,0,1,0,0,2,0,0,113,9,71,149,2,1,1,0
48501,41251,2020-01-16,Yonge St / The Esplanade,-79.3765030771403,43.6457838773097,2,13467425,2345.0,2020-01-16T10:00:00,2020-01-16T10:15:00,2,60,5,41,168,0,11,2,9,0,0,0,0,8,1,3,23,0,2,0,3,0,0,0,0,0,0,0,1,0,0,0,0,4,0,0,39,5,24,69,2,3,2,0
48502,41251,2020-01-16,Yonge St / The Esplanade,-79.3765030771403,43.6457838773097,2,13467425,2345.0,2020-01-16T10:15:00,2020-01-16T10:30:00,1,62,3,18,185,0,10,0,10,1,0,0,0,6,0,0,18,0,2,0,1,0,0,0,0,1,0,0,0,0,1,0,0,6,0,0,27,17,23,55,1,1,0,0
48503,41251,2020-01-16,Yonge St / The Esplanade,-79.3765030771403,43.6457838773097,2,13467425,2345.0,2020-01-16T10:30:00,2020-01-16T10:45:00,4,65,4,31,188,0,11,1,10,0,0,0,0,10,0,2,19,0,1,0,1,0,0,0,0,0,0,0,0,0,0,0,0,6,0,0,49,6,19,66,3,1,0,0
48504,41251,2020-01-16,Yonge St / The Esplanade,-79.3765030771403,43.6457838773097,2,13467425,2345.0,2020-01-16T10:45:00,2020-01-16T11:00:00,3,58,3,34,189,0,19,1,8,1,0,0,0,7,0,3,27,0,2,0,1,0,0,0,0,1,0,0,0,0,1,0,0,3,0,0,37,10,19,48,1,2,0,0
48505,41251,2020-01-16,Yonge St / The Esplanade,-79.3765030771403,43.6457838773097,2,13467425,2345.0,2020-01-16T11:00:00,2020-01-16T11:15:00,4,76,4,22,192,0,12,1,8,2,0,0,0,12,0,1,10,0,2,0,1,0,0,0,0,1,0,0,1,0,0,0,0,1,0,0,23,2,16,46,2,1,1,0
48506,41251,2020-01-16,Yonge St / The Esplanade,-79.3765030771403,43.6457838773097,2,13467425,2345.0,2020-01-16T11:15:00,2020-01-16T11:30:00,3,64,4,21,181,0,5,1,15,0,0,0,0,17,1,2,16,0,0,0,3,0,0,0,0,0,0,0,1,0,1,0,0,6,0,0,43,1,20,63,2,2,2,0
48507,41251,2020-01-16,Yonge St / The Esplanade,-79.3765030771403,43.6457838773097,2,13467425,2345.0,2020-01-16T11:30:00,2020-01-16T11:45:00,2,69,7,35,186,0,11,0,7,0,0,0,0,15,2,1,22,0,3,0,0,0,0,0,0,0,0,0,0,0,0,0,0,2,0,0,47,7,38,49,1,3,2,0
48508,41251,2020-01-16,Yonge St / The Esplanade,-79.3765030771403,43.6457838773097,2,13467425,2345.0,2020-01-16T11:45:00,2020-01-16T12:00:00,2,68,5,31,150,0,10,1,10,1,0,0,0,18,0,3,17,0,2,1,1,0,0,0,0,0,0,0,0,0,1,0,0,5,0,0,41,6,45,55,0,3,0,0
48509,41251,2020-01-16,Yonge St / The Esplanade,-79.3765030771403,43.6457838773097,2,13467425,2345.0,2020-01-16T13:00:00,2020-01-16T13:15:00,4,83,2,27,149,0,14,1,14,1,0,0,1,17,1,1,13,0,1,0,2,0,0,0,0,0,0,0,1,0,0,0,0,3,0,0,56,6,42,73,1,1,4,0
48510,41251,2020-01-16,Yonge St / The Esplanade,-79.3765030771403,43.6457838773097,2,13467425,2345.0,2020-01-16T13:15:00,2020-01-16T13:30:00,3,86,5,24,146,0,11,1,6,0,0,0,1,11,1,2,11,0,0,0,3,0,0,0,0,0,0,0,0,0,1,0,0,4,0,0,77,11,33,71,3,4,0,0
48511,41251,2020-01-16,Yonge St / The Esplanade,-79.3765030771403,43.6457838773097,2,13467425,2345.0,2020-01-16T13:30:00,2020-01-16T13:45:00,5,98,3,27,130,0,3,0,11,0,0,0,0,7,0,2,9,0,0,0,3,1,0,0,0,0,0,0,0,0,0,0,0,3,0,0,52,15,44,51,2,2,3,0
48512,41251,2020-01-16,Yonge St / The Esplanade,-79.3765030771403,43.6457838773097,2,13467425,2345.0,2020-01-16T13:45:00,2020-01-16T14:00:00,2,105,5,23,151,0,5,3,13,0,0,0,0,9,0,2,12,0,0,0,1,0,0,0,0,0,0,0,0,0,1,0,0,5,0,0,41,8,45,47,1,0,2,0
48513,41251,2020-01-16,Yonge St / The Esplanade,-79.3765030771403,43.6457838773097,2,13467425,2345.0,2020-01-16T14:00:00,2020-01-16T14:15:00,1,111,7,24,138,0,10,2,20,0,0,0,0,12,1,1,9,0,1,0,3,0,0,0,0,0,0,0,2,0,0,0,0,3,0,0,74,12,41,49,2,1,2,0
48514,41251,2020-01-16,Yonge St / The Esplanade,-79.3765030771403,43.6457838773097,2,13467425,2345.0,2020-01-16T14:15:00,2020-01-16T14:30:00,2,106,4,26,139,0,10,1,15,2,0,0,0,9,0,2,17,0,1,1,1,0,0,0,0,1,0,0,0,0,1,0,0,3,0,0,78,28,37,93,2,1,1,0
48515,41251,2020-01-16,Yonge St / The Esplanade,-79.3765030771403,43.6457838773097,2,13467425,2345.0,2020-01-16T14:30:00,2020-01-16T14:45:00,3,99,4,31,171,0,14,1,23,1,0,0,0,15,0,0,12,0,1,0,4,0,0,0,0,0,0,0,1,0,0,0,0,6,0,0,42,19,32,71,0,1,1,0
48516,41251,2020-01-16,Yonge St / The Esplanade,-79.3765030771403,43.6457838773097,2,13467425,2345.0,2020-01-16T14:45:00,2020-01-16T15:00:00,2,89,5,20,129,0,14,1,17,2,0,0,1,12,1,0,9,0,1,0,2,0,0,0,0,0,0,0,4,0,1,0,0,3,0,0,53,30,14,73,0,1,0,0
48517,41251,2020-01-16,Yonge St / The Esplanade,-79.3765030771403,43.6457838773097,2,13467425,2345.0,2020-01-16T16:00:00,2020-01-16T16:15:00,1,100,1,27,139,0,14,0,18,1,0,0,0,6,0,1,7,0,0,0,0,0,0,0,0,2,0,0,1,0,0,0,0,2,0,0,171,18,89,241,0,2,0,0
48518,41251,2020-01-16,Yonge St / The Esplanade,-79.3765030771403,43.6457838773097,2,13467425,2345.0,2020-01-16T16:15:00,2020-01-16T16:30:00,1,49,2,34,128,0,15,5,22,2,0,0,0,3,0,1,5,0,0,0,2,1,0,0,0,1,0,0,0,0,1,0,0,0,0,0,152,10,46,280,1,3,2,0
48519,41251,2020-01-16,Yonge St / The Esplanade,-79.3765030771403,43.6457838773097,2,13467425,2345.0,2020-01-16T16:30:00,2020-01-16T16:45:00,1,50,4,38,148,0,16,3,22,1,0,0,0,4,0,1,6,0,0,0,1,0,0,0,0,1,0,0,2,0,1,0,0,2,0,0,149,13,55,285,0,3,2,0
48520,41251,2020-01-16,Yonge St / The Esplanade,-79.3765030771403,43.6457838773097,2,13467425,2345.0,2020-01-16T16:45:00,2020-01-16T17:00:00,1,48,7,29,161,0,10,2,28,1,0,0,2,5,0,2,7,0,1,0,2,0,0,0,0,0,0,0,1,0,0,1,0,3,0,0,198,21,66,376,3,2,5,0
48521,41251,2020-01-16,Yonge St / The Esplanade,-79.3765030771403,43.6457838773097,2,13467425,2345.0,2020-01-16T17:00:00,2020-01-16T17:15:00,1,59,3,42,144,0,13,1,26,0,0,0,0,2,0,4,7,0,0,0,1,0,0,0,0,0,0,0,1,0,1,0,0,4,0,0,278,32,127,327,1,5,4,0
48522,41251,2020-01-16,Yonge St / The Esplanade,-79.3765030771403,43.6457838773097,2,13467425,2345.0,2020-01-16T17:15:00,2020-01-16T17:30:00,2,76,2,35,134,0,15,2,26,0,0,0,0,3,1,2,6,0,1,0,1,0,0,0,0,1,0,0,0,0,0,1,0,2,0,0,252,33,103,398,3,5,1,0
48523,41251,2020-01-16,Yonge St / The Esplanade,-79.3765030771403,43.6457838773097,2,13467425,2345.0,2020-01-16T17:30:00,2020-01-16T17:45:00,2,53,6,38,127,0,18,5,30,0,0,0,0,3,0,2,7,0,0,0,1,0,0,0,0,0,0,0,1,0,1,0,0,3,0,0,193,43,98,266,8,7,1,0
48524,41251,2020-01-16,Yonge St / The Esplanade,-79.3765030771403,43.6457838773097,2,13467425,2345.0,2020-01-16T17:45:00,2020-01-16T18:00:00,4,74,5,43,142,0,14,1,17,0,0,0,1,4,0,0,9,0,0,0,2,0,0,0,0,0,0,0,1,0,0,0,0,3,0,0,248,31,131,308,1,7,0,0
48792,41267,2020-01-16,Wellington St E / Scott St / Berczy Park Trl,-79.376039531105,43.6481287444373,2,13467037,2590.0,2020-01-16T07:30:00,2020-01-16T07:45:00,4,4,0,0,7,9,5,168,2,0,0,0,0,1,0,0,2,0,0,8,0,0,0,0,0,0,0,0,0,0,0,1,0,0,0,0,43,42,46,0,1,2,5,0
48793,41267,2020-01-16,Wellington St E / Scott St / Berczy Park Trl,-79.376039531105,43.6481287444373,2,13467037,2590.0,2020-01-16T07:45:00,2020-01-16T08:00:00,9,1,0,0,9,6,3,194,12,0,0,0,1,0,0,0,0,2,0,12,1,0,0,0,0,0,0,0,0,0,0,2,0,0,0,0,45,44,59,0,0,0,3,0
48794,41267,2020-01-16,Wellington St E / Scott St / Berczy Park Trl,-79.376039531105,43.6481287444373,2,13467037,2590.0,2020-01-16T08:00:00,2020-01-16T08:15:00,5,9,0,0,8,6,6,226,6,0,0,0,1,0,0,0,0,3,0,12,1,0,0,0,0,0,0,0,0,0,0,1,0,0,0,0,64,56,84,0,1,2,2,0
48795,41267,2020-01-16,Wellington St E / Scott St / Berczy Park Trl,-79.376039531105,43.6481287444373,2,13467037,2590.0,2020-01-16T08:15:00,2020-01-16T08:30:00,3,6,0,0,18,12,4,217,4,0,0,0,1,1,0,0,0,0,0,8,1,0,0,0,0,0,0,0,0,0,0,2,1,0,0,0,80,55,86,0,2,4,2,0
49067,41267,2020-01-16,Wellington St E / Scott St / Berczy Park Trl,-79.376039531105,43.6481287444373,2,13467037,2590.0,2020-01-16T08:30:00,2020-01-16T08:45:00,12,5,0,0,19,11,8,194,5,0,0,0,1,0,0,0,0,0,0,10,0,0,0,0,0,0,0,0,0,0,0,1,0,0,0,0,83,71,105,0,1,1,0,0
49068,41267,2020-01-16,Wellington St E / Scott St / Berczy Park Trl,-79.376039531105,43.6481287444373,2,13467037,2590.0,2020-01-16T08:45:00,2020-01-16T09:00:00,11,2,0,0,23,7,7,221,10,0,0,0,0,0,0,0,2,2,0,17,1,0,0,0,0,0,0,0,0,0,0,3,0,0,0,0,96,68,109,0,1,1,5,0
49069,41267,2020-01-16,Wellington St E / Scott St / Berczy Park Trl,-79.376039531105,43.6481287444373,2,13467037,2590.0,2020-01-16T09:00:00,2020-01-16T09:15:00,12,5,0,0,18,10,9,206,6,0,0,0,0,0,0,0,0,1,2,17,0,0,0,0,0,0,0,0,0,0,0,0,0,0,0,0,82,65,68,0,1,3,2,0
49070,41267,2020-01-16,Wellington St E / Scott St / Berczy Park Trl,-79.376039531105,43.6481287444373,2,13467037,2590.0,2020-01-16T09:15:00,2020-01-16T09:30:00,6,3,0,0,11,11,6,195,5,0,0,0,0,1,0,0,0,0,1,12,1,0,0,0,0,0,0,0,0,0,0,1,0,0,0,0,64,61,73,0,0,0,0,0
49071,41267,2020-01-16,Wellington St E / Scott St / Berczy Park Trl,-79.376039531105,43.6481287444373,2,13467037,2590.0,2020-01-16T10:00:00,2020-01-16T10:15:00,3,7,0,0,6,9,7,118,3,0,0,0,2,0,0,0,3,1,1,5,0,0,0,0,0,0,0,0,0,0,0,0,0,0,0,0,39,23,24,0,1,2,4,0
49072,41267,2020-01-16,Wellington St E / Scott St / Berczy Park Trl,-79.376039531105,43.6481287444373,2,13467037,2590.0,2020-01-16T10:15:00,2020-01-16T10:30:00,10,6,0,0,11,6,4,109,4,0,0,0,3,0,0,0,1,1,0,8,1,0,0,0,0,0,0,0,0,0,0,1,0,0,0,0,35,13,14,0,2,1,3,0
49073,41267,2020-01-16,Wellington St E / Scott St / Berczy Park Trl,-79.376039531105,43.6481287444373,2,13467037,2590.0,2020-01-16T10:30:00,2020-01-16T10:45:00,13,8,0,0,7,6,8,133,10,0,0,0,0,0,0,0,1,1,1,8,3,0,0,0,0,0,0,0,0,0,0,0,1,0,0,0,40,19,34,0,0,0,4,0
49074,41267,2020-01-16,Wellington St E / Scott St / Berczy Park Trl,-79.376039531105,43.6481287444373,2,13467037,2590.0,2020-01-16T10:45:00,2020-01-16T11:00:00,5,2,0,0,11,8,9,121,6,0,0,0,0,1,0,0,1,0,2,12,1,0,0,0,0,0,0,0,0,0,0,0,0,0,0,0,42,13,25,0,0,0,0,0
49075,41267,2020-01-16,Wellington St E / Scott St / Berczy Park Trl,-79.376039531105,43.6481287444373,2,13467037,2590.0,2020-01-16T11:00:00,2020-01-16T11:15:00,4,5,0,0,6,15,6,129,10,0,0,0,1,1,0,0,1,1,3,13,0,0,0,0,0,0,0,0,0,0,0,0,0,0,0,0,47,12,43,0,1,1,3,0
49076,41267,2020-01-16,Wellington St E / Scott St / Berczy Park Trl,-79.376039531105,43.6481287444373,2,13467037,2590.0,2020-01-16T11:15:00,2020-01-16T11:30:00,10,4,0,0,8,11,6,111,14,0,0,0,2,0,0,0,5,0,1,6,1,0,0,0,0,0,0,0,0,0,0,1,0,0,0,0,55,20,30,0,1,0,2,0
49077,41267,2020-01-16,Wellington St E / Scott St / Berczy Park Trl,-79.376039531105,43.6481287444373,2,13467037,2590.0,2020-01-16T11:30:00,2020-01-16T11:45:00,7,8,0,0,7,5,7,108,13,0,0,0,0,1,0,0,0,0,0,6,1,0,0,0,0,0,0,0,0,0,0,1,0,0,0,0,78,60,54,0,1,1,4,0
49078,41267,2020-01-16,Wellington St E / Scott St / Berczy Park Trl,-79.376039531105,43.6481287444373,2,13467037,2590.0,2020-01-16T11:45:00,2020-01-16T12:00:00,5,5,0,0,2,10,6,105,13,0,0,0,0,1,0,0,1,2,1,7,0,0,0,0,0,0,0,0,0,0,0,2,0,0,0,0,105,44,53,0,1,2,3,0
49079,41267,2020-01-16,Wellington St E / Scott St / Berczy Park Trl,-79.376039531105,43.6481287444373,2,13467037,2590.0,2020-01-16T13:00:00,2020-01-16T13:15:00,3,2,0,0,7,5,5,113,5,0,0,0,0,1,0,0,0,0,1,6,0,0,0,0,0,0,0,0,0,0,0,0,0,0,0,0,92,50,48,0,3,1,5,0
49080,41267,2020-01-16,Wellington St E / Scott St / Berczy Park Trl,-79.376039531105,43.6481287444373,2,13467037,2590.0,2020-01-16T13:15:00,2020-01-16T13:30:00,6,2,0,0,2,9,5,105,8,0,0,0,1,1,0,0,0,0,0,7,0,0,0,0,0,0,0,0,0,0,0,1,0,0,0,0,89,42,47,0,0,1,4,0
49081,41267,2020-01-16,Wellington St E / Scott St / Berczy Park Trl,-79.376039531105,43.6481287444373,2,13467037,2590.0,2020-01-16T13:30:00,2020-01-16T13:45:00,3,2,0,0,4,6,6,109,12,0,0,0,0,0,0,0,1,1,0,4,0,0,0,0,0,0,0,0,0,0,0,0,0,0,0,0,98,37,49,0,0,1,2,0
49082,41267,2020-01-16,Wellington St E / Scott St / Berczy Park Trl,-79.376039531105,43.6481287444373,2,13467037,2590.0,2020-01-16T13:45:00,2020-01-16T14:00:00,9,4,0,0,2,3,5,96,6,0,0,0,1,1,0,0,0,1,0,1,0,0,0,0,0,0,0,0,0,0,0,0,0,0,0,0,77,57,91,0,0,0,5,0
49083,41267,2020-01-16,Wellington St E / Scott St / Berczy Park Trl,-79.376039531105,43.6481287444373,2,13467037,2590.0,2020-01-16T14:00:00,2020-01-16T14:15:00,5,9,0,0,8,6,6,112,4,0,0,0,0,1,0,0,1,0,0,7,1,0,0,0,0,0,0,0,0,0,0,1,0,0,0,0,55,48,51,0,1,0,3,0
49084,41267,2020-01-16,Wellington St E / Scott St / Berczy Park Trl,-79.376039531105,43.6481287444373,2,13467037,2590.0,2020-01-16T14:15:00,2020-01-16T14:30:00,16,5,0,0,0,13,6,102,9,0,0,0,1,0,0,0,2,1,0,3,0,0,0,0,0,0,0,0,0,0,0,1,0,0,0,0,65,50,52,0,1,0,1,0
49085,41267,2020-01-16,Wellington St E / Scott St / Berczy Park Trl,-79.376039531105,43.6481287444373,2,13467037,2590.0,2020-01-16T14:30:00,2020-01-16T14:45:00,9,12,0,0,7,7,9,111,4,0,0,0,1,1,0,0,0,0,1,5,0,0,0,0,0,0,0,0,0,0,0,0,0,0,0,0,49,25,48,0,0,0,1,0
49086,41267,2020-01-16,Wellington St E / Scott St / Berczy Park Trl,-79.376039531105,43.6481287444373,2,13467037,2590.0,2020-01-16T14:45:00,2020-01-16T15:00:00,6,7,0,0,0,14,7,120,9,0,0,0,1,0,0,0,0,0,0,6,1,0,0,0,0,0,0,0,0,0,0,0,0,0,0,0,48,23,44,0,0,2,2,0
49087,41267,2020-01-16,Wellington St E / Scott St / Berczy Park Trl,-79.376039531105,43.6481287444373,2,13467037,2590.0,2020-01-16T16:00:00,2020-01-16T16:15:00,12,11,0,0,6,11,8,142,10,0,0,0,0,1,0,0,2,0,1,8,0,0,0,0,0,0,0,0,0,0,0,3,0,0,0,0,68,35,42,0,0,0,3,0
49088,41267,2020-01-16,Wellington St E / Scott St / Berczy Park Trl,-79.376039531105,43.6481287444373,2,13467037,2590.0,2020-01-16T16:15:00,2020-01-16T16:30:00,7,19,0,0,0,12,8,158,11,0,0,0,1,3,0,0,0,1,0,13,0,0,0,0,0,0,0,0,0,0,0,1,0,0,0,0,93,36,56,0,6,1,4,0
49089,41267,2020-01-16,Wellington St E / Scott St / Berczy Park Trl,-79.376039531105,43.6481287444373,2,13467037,2590.0,2020-01-16T16:30:00,2020-01-16T16:45:00,6,20,0,0,7,7,5,128,14,0,0,0,2,0,0,0,0,0,1,8,0,0,0,0,0,0,0,0,0,0,0,1,0,0,0,0,101,49,57,0,4,0,3,0
49090,41267,2020-01-16,Wellington St E / Scott St / Berczy Park Trl,-79.376039531105,43.6481287444373,2,13467037,2590.0,2020-01-16T16:45:00,2020-01-16T17:00:00,17,15,0,0,0,18,7,147,20,0,0,0,1,0,0,0,0,0,0,8,1,0,0,0,0,0,0,0,0,0,0,2,0,0,0,0,98,56,69,0,1,0,4,0
49091,41267,2020-01-16,Wellington St E / Scott St / Berczy Park Trl,-79.376039531105,43.6481287444373,2,13467037,2590.0,2020-01-16T17:00:00,2020-01-16T17:15:00,17,27,0,0,3,14,4,160,8,0,0,0,4,1,0,0,0,0,0,7,1,0,0,0,0,0,0,0,0,0,0,1,1,0,0,0,129,68,67,0,2,1,3,0
49092,41267,2020-01-16,Wellington St E / Scott St / Berczy Park Trl,-79.376039531105,43.6481287444373,2,13467037,2590.0,2020-01-16T17:15:00,2020-01-16T17:30:00,16,40,0,0,8,16,9,159,13,0,0,0,0,1,0,0,0,1,0,7,0,0,0,0,0,0,0,0,0,0,0,2,0,0,0,0,140,97,83,0,1,0,6,0
49093,41267,2020-01-16,Wellington St E / Scott St / Berczy Park Trl,-79.376039531105,43.6481287444373,2,13467037,2590.0,2020-01-16T17:30:00,2020-01-16T17:45:00,8,30,0,0,10,10,8,154,13,0,0,0,0,0,0,0,0,0,0,6,1,0,0,0,0,0,0,0,0,0,0,3,0,0,0,0,112,55,60,0,1,0,4,0
49094,41267,2020-01-16,Wellington St E / Scott St / Berczy Park Trl,-79.376039531105,43.6481287444373,2,13467037,2590.0,2020-01-16T17:45:00,2020-01-16T18:00:00,9,21,0,0,6,8,4,145,16,0,0,0,0,0,0,0,0,0,0,5,0,0,0,0,0,0,0,0,0,0,0,2,1,0,0,0,102,51,50,0,1,0,2,0
49444,41291,2020-01-16,Front St E / Scott St / Berczy Park Trl,-79.3757635083031,43.6474607415875,2,13467132,2733.0,2020-01-16T07:30:00,2020-01-16T07:45:00,0,2,4,8,9,0,0,0,0,3,66,7,0,0,2,3,0,0,0,0,0,0,10,2,0,0,0,0,0,0,0,0,0,1,2,0,59,53,0,29,1,0,0,2
49445,41291,2020-01-16,Front St E / Scott St / Berczy Park Trl,-79.3757635083031,43.6474607415875,2,13467132,2733.0,2020-01-16T07:45:00,2020-01-16T08:00:00,0,2,9,6,11,0,0,0,0,7,71,5,0,0,0,0,1,0,0,0,0,1,7,2,0,0,0,0,0,0,0,0,0,1,2,0,80,87,0,75,0,0,0,2
49446,41291,2020-01-16,Front St E / Scott St / Berczy Park Trl,-79.3757635083031,43.6474607415875,2,13467132,2733.0,2020-01-16T08:00:00,2020-01-16T08:15:00,0,6,7,8,5,0,0,0,0,7,64,11,0,0,1,2,1,0,0,0,0,1,9,5,0,0,0,0,0,0,0,0,0,1,1,0,72,70,0,63,1,3,0,0
49447,41291,2020-01-16,Front St E / Scott St / Berczy Park Trl,-79.3757635083031,43.6474607415875,2,13467132,2733.0,2020-01-16T08:15:00,2020-01-16T08:30:00,0,6,3,5,16,0,0,0,0,12,61,14,0,1,1,0,1,0,0,0,0,0,7,1,0,1,0,1,0,0,0,0,0,1,3,0,103,86,0,58,1,3,0,3
49448,41291,2020-01-16,Front St E / Scott St / Berczy Park Trl,-79.3757635083031,43.6474607415875,2,13467132,2733.0,2020-01-16T08:30:00,2020-01-16T08:45:00,0,4,6,6,10,0,0,0,0,11,73,20,0,0,0,0,0,0,0,0,0,0,5,1,0,0,0,0,0,0,0,0,0,1,5,0,125,142,0,57,1,4,0,2
49449,41291,2020-01-16,Front St E / Scott St / Berczy Park Trl,-79.3757635083031,43.6474607415875,2,13467132,2733.0,2020-01-16T08:45:00,2020-01-16T09:00:00,0,2,9,11,16,0,0,0,0,13,66,15,0,1,0,2,2,0,0,0,0,0,9,1,0,0,0,1,0,0,0,0,0,0,3,0,131,122,0,87,2,1,0,4
49450,41291,2020-01-16,Front St E / Scott St / Berczy Park Trl,-79.3757635083031,43.6474607415875,2,13467132,2733.0,2020-01-16T09:00:00,2020-01-16T09:15:00,0,5,6,11,13,0,0,0,0,7,87,17,0,0,0,0,0,0,0,0,0,0,5,3,0,0,0,0,0,0,0,0,0,1,2,0,100,91,0,51,1,0,0,3
49451,41291,2020-01-16,Front St E / Scott St / Berczy Park Trl,-79.3757635083031,43.6474607415875,2,13467132,2733.0,2020-01-16T09:15:00,2020-01-16T09:30:00,0,3,3,9,11,0,0,0,0,6,96,12,0,0,2,1,0,0,0,0,0,1,7,1,0,0,0,1,0,0,0,0,0,1,3,0,92,71,0,50,0,4,0,1
49452,41291,2020-01-16,Front St E / Scott St / Berczy Park Trl,-79.3757635083031,43.6474607415875,2,13467132,2733.0,2020-01-16T10:00:00,2020-01-16T10:15:00,0,3,9,4,7,0,0,0,0,1,76,10,0,0,0,4,2,0,0,0,0,1,10,0,0,0,0,0,0,0,0,0,0,1,1,0,40,48,0,24,1,2,0,3
49453,41291,2020-01-16,Front St E / Scott St / Berczy Park Trl,-79.3757635083031,43.6474607415875,2,13467132,2733.0,2020-01-16T10:15:00,2020-01-16T10:30:00,0,3,5,7,9,0,0,0,0,6,84,9,0,0,2,1,0,0,0,0,0,0,11,0,0,0,0,0,0,0,0,0,0,0,1,0,26,46,0,19,1,2,0,1
49454,41291,2020-01-16,Front St E / Scott St / Berczy Park Trl,-79.3757635083031,43.6474607415875,2,13467132,2733.0,2020-01-16T10:30:00,2020-01-16T10:45:00,0,5,13,8,7,0,0,0,0,6,63,8,0,0,1,0,1,0,0,0,0,2,8,2,0,0,0,0,0,0,0,0,0,0,1,0,43,61,0,25,0,0,0,2
49455,41291,2020-01-16,Front St E / Scott St / Berczy Park Trl,-79.3757635083031,43.6474607415875,2,13467132,2733.0,2020-01-16T10:45:00,2020-01-16T11:00:00,0,1,6,6,9,0,0,0,0,2,82,11,0,1,2,2,0,0,0,0,0,1,6,3,0,0,0,0,0,0,0,0,0,0,1,0,56,55,0,19,0,1,0,3
49456,41291,2020-01-16,Front St E / Scott St / Berczy Park Trl,-79.3757635083031,43.6474607415875,2,13467132,2733.0,2020-01-16T11:00:00,2020-01-16T11:15:00,0,5,12,5,7,0,0,0,0,1,80,13,0,0,1,2,0,0,0,0,0,1,12,3,0,0,0,0,0,0,0,0,0,1,3,0,34,43,0,19,1,1,0,2
49457,41291,2020-01-16,Front St E / Scott St / Berczy Park Trl,-79.3757635083031,43.6474607415875,2,13467132,2733.0,2020-01-16T11:15:00,2020-01-16T11:30:00,0,4,14,6,8,0,0,0,0,7,88,12,0,0,1,1,2,0,0,0,0,1,16,1,0,0,0,0,0,0,0,0,0,0,1,0,42,64,0,23,1,0,0,5
49458,41291,2020-01-16,Front St E / Scott St / Berczy Park Trl,-79.3757635083031,43.6474607415875,2,13467132,2733.0,2020-01-16T11:30:00,2020-01-16T11:45:00,0,4,18,9,3,0,0,0,0,7,72,11,0,1,2,4,0,0,0,0,0,1,6,2,0,0,0,0,0,0,0,0,0,0,2,0,47,81,0,23,2,0,0,2
49459,41291,2020-01-16,Front St E / Scott St / Berczy Park Trl,-79.3757635083031,43.6474607415875,2,13467132,2733.0,2020-01-16T11:45:00,2020-01-16T12:00:00,0,3,14,9,6,0,0,0,0,1,97,5,0,0,1,4,2,0,0,0,0,7,8,2,0,0,0,0,0,0,0,0,0,0,2,0,64,121,0,45,1,1,0,4
49460,41291,2020-01-16,Front St E / Scott St / Berczy Park Trl,-79.3757635083031,43.6474607415875,2,13467132,2733.0,2020-01-16T13:00:00,2020-01-16T13:15:00,0,3,5,9,3,0,0,0,0,5,81,8,0,1,1,0,0,0,0,0,0,0,4,0,0,0,0,0,0,0,0,0,0,0,2,0,95,129,0,36,2,1,0,4
49461,41291,2020-01-16,Front St E / Scott St / Berczy Park Trl,-79.3757635083031,43.6474607415875,2,13467132,2733.0,2020-01-16T13:15:00,2020-01-16T13:30:00,0,5,7,9,3,0,0,0,0,5,69,8,0,0,1,1,0,0,0,0,0,0,6,0,0,0,0,0,0,0,0,0,0,1,2,0,73,95,0,31,0,1,0,5
49462,41291,2020-01-16,Front St E / Scott St / Berczy Park Trl,-79.3757635083031,43.6474607415875,2,13467132,2733.0,2020-01-16T13:30:00,2020-01-16T13:45:00,0,4,10,4,4,0,0,0,0,2,75,6,0,0,1,1,1,0,0,0,0,2,5,1,0,0,0,0,0,0,0,0,0,0,0,0,94,105,0,20,0,1,0,3
49463,41291,2020-01-16,Front St E / Scott St / Berczy Park Trl,-79.3757635083031,43.6474607415875,2,13467132,2733.0,2020-01-16T13:45:00,2020-01-16T14:00:00,0,3,7,11,1,0,0,0,0,1,77,5,0,0,1,1,0,0,0,0,0,0,4,1,0,0,0,0,0,0,0,0,0,1,0,0,48,94,0,13,0,0,0,4
49464,41291,2020-01-16,Front St E / Scott St / Berczy Park Trl,-79.3757635083031,43.6474607415875,2,13467132,2733.0,2020-01-16T14:00:00,2020-01-16T14:15:00,0,4,11,5,3,0,0,0,0,4,84,9,0,0,4,0,1,0,0,0,0,1,6,0,0,0,0,0,0,0,0,0,0,1,3,0,52,96,0,24,1,0,0,3
49465,41291,2020-01-16,Front St E / Scott St / Berczy Park Trl,-79.3757635083031,43.6474607415875,2,13467132,2733.0,2020-01-16T14:15:00,2020-01-16T14:30:00,0,4,10,14,5,0,0,0,0,7,85,7,0,0,0,2,1,0,0,0,0,0,7,0,0,0,0,0,0,0,0,0,0,0,1,0,46,86,0,34,1,0,0,1
49466,41291,2020-01-16,Front St E / Scott St / Berczy Park Trl,-79.3757635083031,43.6474607415875,2,13467132,2733.0,2020-01-16T14:30:00,2020-01-16T14:45:00,0,8,10,8,8,0,0,0,0,3,63,7,0,0,1,0,0,0,0,0,0,0,3,0,0,0,0,0,0,0,0,0,0,0,2,0,45,78,0,24,0,0,0,1
49467,41291,2020-01-16,Front St E / Scott St / Berczy Park Trl,-79.3757635083031,43.6474607415875,2,13467132,2733.0,2020-01-16T14:45:00,2020-01-16T15:00:00,0,3,14,5,11,0,0,0,0,2,76,4,0,0,2,0,0,0,0,0,0,1,3,0,0,0,0,0,0,0,0,0,0,1,2,0,52,97,0,20,0,0,0,2
49469,41291,2020-01-16,Front St E / Scott St / Berczy Park Trl,-79.3757635083031,43.6474607415875,2,13467132,2733.0,2020-01-16T16:00:00,2020-01-16T16:15:00,0,10,11,20,11,0,0,0,0,3,86,4,0,0,1,1,1,0,0,0,0,0,3,1,0,0,0,0,0,0,0,0,0,0,3,0,56,140,0,47,1,1,0,1
49470,41291,2020-01-16,Front St E / Scott St / Berczy Park Trl,-79.3757635083031,43.6474607415875,2,13467132,2733.0,2020-01-16T16:15:00,2020-01-16T16:30:00,0,9,22,15,6,0,0,0,0,6,99,4,0,2,2,0,0,0,0,0,0,1,4,2,0,0,0,0,0,0,0,0,0,1,1,0,63,166,0,65,5,1,0,4
49471,41291,2020-01-16,Front St E / Scott St / Berczy Park Trl,-79.3757635083031,43.6474607415875,2,13467132,2733.0,2020-01-16T16:30:00,2020-01-16T16:45:00,0,10,26,17,9,0,0,0,0,4,79,5,0,0,1,2,0,0,0,0,0,0,5,0,0,0,0,0,0,0,0,0,0,1,3,0,83,161,0,45,1,1,0,0
49472,41291,2020-01-16,Front St E / Scott St / Berczy Park Trl,-79.3757635083031,43.6474607415875,2,13467132,2733.0,2020-01-16T16:45:00,2020-01-16T17:00:00,0,8,29,19,11,0,0,0,0,7,84,6,0,0,2,2,0,0,0,0,0,0,4,1,0,0,0,0,0,0,0,0,0,0,2,1,74,194,0,84,2,1,0,3
49473,41291,2020-01-16,Front St E / Scott St / Berczy Park Trl,-79.3757635083031,43.6474607415875,2,13467132,2733.0,2020-01-16T17:00:00,2020-01-16T17:15:00,0,11,24,22,10,0,0,0,0,5,111,5,0,1,0,0,0,0,0,0,0,0,6,0,0,1,0,0,0,0,0,0,0,1,2,0,123,296,0,113,3,0,0,6
49474,41291,2020-01-16,Front St E / Scott St / Berczy Park Trl,-79.3757635083031,43.6474607415875,2,13467132,2733.0,2020-01-16T17:15:00,2020-01-16T17:30:00,0,8,45,13,10,0,0,0,0,16,108,15,0,0,0,0,0,0,0,0,0,0,10,1,0,0,0,0,0,0,0,0,0,0,3,0,103,292,0,85,1,0,0,4
49475,41291,2020-01-16,Front St E / Scott St / Berczy Park Trl,-79.3757635083031,43.6474607415875,2,13467132,2733.0,2020-01-16T17:30:00,2020-01-16T17:45:00,0,15,30,21,8,0,0,0,0,3,116,11,0,1,2,0,0,0,0,0,0,0,7,0,0,0,0,0,0,0,0,0,0,1,1,0,80,212,0,70,0,0,0,5
49476,41291,2020-01-16,Front St E / Scott St / Berczy Park Trl,-79.3757635083031,43.6474607415875,2,13467132,2733.0,2020-01-16T17:45:00,2020-01-16T18:00:00,0,8,29,12,3,0,0,0,0,11,118,11,0,0,0,0,0,0,0,0,0,2,9,0,0,1,0,0,0,0,0,0,0,0,3,0,83,204,0,72,3,1,0,7
49541,41297,2020-01-16,The Esplanade / Scott St,-79.3752644227303,43.6463225154789,2,13467327,,2020-01-16T07:30:00,2020-01-16T07:45:00,3,0,5,0,0,0,10,10,0,0,26,6,0,0,0,0,0,0,2,1,0,0,1,0,0,0,1,0,0,0,1,2,0,0,1,0,74,0,45,27,1,0,3,0
49542,41297,2020-01-16,The Esplanade / Scott St,-79.3752644227303,43.6463225154789,2,13467327,,2020-01-16T07:45:00,2020-01-16T08:00:00,9,0,3,0,0,0,7,15,0,0,27,9,0,0,0,0,0,0,0,1,0,0,4,0,0,0,1,0,0,0,0,1,0,0,0,0,97,0,36,46,1,0,4,0
49543,41297,2020-01-16,The Esplanade / Scott St,-79.3752644227303,43.6463225154789,2,13467327,,2020-01-16T08:00:00,2020-01-16T08:15:00,7,0,5,0,0,0,9,12,0,0,20,11,1,0,0,0,0,0,1,1,0,0,1,0,0,0,1,0,0,0,0,3,0,0,1,0,105,0,62,60,0,0,3,4
49544,41297,2020-01-16,The Esplanade / Scott St,-79.3752644227303,43.6463225154789,2,13467327,,2020-01-16T08:15:00,2020-01-16T08:30:00,10,0,11,0,0,0,13,15,0,0,34,14,0,0,1,0,0,0,0,1,0,0,3,0,0,0,2,0,0,0,1,1,0,0,1,0,89,0,80,69,0,0,6,3
49545,41297,2020-01-16,The Esplanade / Scott St,-79.3752644227303,43.6463225154789,2,13467327,,2020-01-16T08:30:00,2020-01-16T08:45:00,4,0,11,0,0,0,12,17,0,0,22,10,0,0,0,0,0,0,0,2,0,0,4,1,0,0,0,0,0,0,0,1,0,0,0,0,147,0,61,48,0,0,9,1
49546,41297,2020-01-16,The Esplanade / Scott St,-79.3752644227303,43.6463225154789,2,13467327,,2020-01-16T08:45:00,2020-01-16T09:00:00,9,0,5,0,0,0,14,24,0,0,23,21,0,0,0,0,0,0,1,2,0,0,0,1,0,0,1,0,0,0,1,0,0,0,2,0,142,0,60,54,2,0,1,3
49547,41297,2020-01-16,The Esplanade / Scott St,-79.3752644227303,43.6463225154789,2,13467327,,2020-01-16T09:00:00,2020-01-16T09:15:00,10,0,5,0,0,0,8,19,0,0,32,18,0,0,1,0,0,0,0,0,0,0,4,0,0,0,1,0,0,0,0,2,0,0,0,0,124,0,48,41,2,0,4,0
49548,41297,2020-01-16,The Esplanade / Scott St,-79.3752644227303,43.6463225154789,2,13467327,,2020-01-16T09:15:00,2020-01-16T09:30:00,3,0,4,0,0,0,14,23,0,0,32,17,0,0,1,0,0,0,1,1,0,0,2,1,0,0,1,0,0,0,1,1,0,0,0,0,84,0,41,34,1,0,3,3
49549,41297,2020-01-16,The Esplanade / Scott St,-79.3752644227303,43.6463225154789,2,13467327,,2020-01-16T10:00:00,2020-01-16T10:15:00,3,0,3,0,0,0,11,13,0,0,27,6,1,0,1,0,0,0,2,4,0,0,3,2,0,0,1,0,0,0,0,0,0,0,0,0,38,0,13,10,0,0,3,1
49550,41297,2020-01-16,The Esplanade / Scott St,-79.3752644227303,43.6463225154789,2,13467327,,2020-01-16T10:15:00,2020-01-16T10:30:00,6,0,5,0,0,0,12,16,0,0,14,7,0,0,0,0,0,0,0,2,0,0,0,1,0,0,0,0,0,0,0,1,0,0,0,0,30,0,10,11,0,0,1,1
49551,41297,2020-01-16,The Esplanade / Scott St,-79.3752644227303,43.6463225154789,2,13467327,,2020-01-16T10:30:00,2020-01-16T10:45:00,7,0,3,0,0,0,8,27,0,0,28,7,0,0,2,0,0,0,1,2,0,0,2,0,0,0,1,0,0,0,0,0,0,0,0,0,43,0,12,10,0,0,0,1
49552,41297,2020-01-16,The Esplanade / Scott St,-79.3752644227303,43.6463225154789,2,13467327,,2020-01-16T10:45:00,2020-01-16T11:00:00,5,0,3,0,0,0,10,21,0,0,25,7,2,0,0,0,0,0,3,0,0,0,4,0,0,0,0,0,0,0,0,1,0,0,0,0,34,0,17,15,0,0,1,0
49553,41297,2020-01-16,The Esplanade / Scott St,-79.3752644227303,43.6463225154789,2,13467327,,2020-01-16T11:00:00,2020-01-16T11:15:00,2,0,3,0,0,0,6,16,0,0,20,5,1,0,1,0,0,0,1,2,0,0,0,0,0,0,1,0,0,0,0,0,0,0,0,0,25,0,21,11,0,0,3,2
49554,41297,2020-01-16,The Esplanade / Scott St,-79.3752644227303,43.6463225154789,2,13467327,,2020-01-16T11:15:00,2020-01-16T11:30:00,6,0,7,0,0,0,6,12,0,0,11,6,0,0,0,0,0,0,3,1,0,0,2,1,0,0,0,0,0,0,0,1,0,0,0,0,37,0,16,29,2,0,2,1
49555,41297,2020-01-16,The Esplanade / Scott St,-79.3752644227303,43.6463225154789,2,13467327,,2020-01-16T11:30:00,2020-01-16T11:45:00,5,0,5,0,0,0,11,17,0,0,27,10,1,0,0,0,0,0,3,2,0,0,1,1,0,0,1,0,0,0,0,0,0,0,0,0,34,0,16,36,0,0,2,1
49556,41297,2020-01-16,The Esplanade / Scott St,-79.3752644227303,43.6463225154789,2,13467327,,2020-01-16T11:45:00,2020-01-16T12:00:00,2,0,5,0,0,0,12,19,0,0,22,7,2,0,0,0,0,0,1,2,0,0,1,4,0,0,0,0,0,0,0,0,0,0,0,0,40,0,43,24,1,0,3,1
49557,41297,2020-01-16,The Esplanade / Scott St,-79.3752644227303,43.6463225154789,2,13467327,,2020-01-16T13:00:00,2020-01-16T13:15:00,4,0,6,0,0,0,10,23,0,0,15,6,0,0,1,0,0,0,0,2,0,0,2,1,0,0,0,0,0,0,0,0,0,0,0,0,29,0,38,50,0,0,3,0
49558,41297,2020-01-16,The Esplanade / Scott St,-79.3752644227303,43.6463225154789,2,13467327,,2020-01-16T13:15:00,2020-01-16T13:30:00,8,0,7,0,0,0,7,10,0,0,17,3,0,0,0,0,0,0,1,3,0,0,4,0,0,0,1,0,0,0,0,1,0,0,0,0,57,0,21,37,0,0,2,0
49559,41297,2020-01-16,The Esplanade / Scott St,-79.3752644227303,43.6463225154789,2,13467327,,2020-01-16T13:30:00,2020-01-16T13:45:00,3,0,6,0,0,0,5,15,0,0,27,6,1,0,1,0,0,0,0,3,0,0,3,1,0,0,0,0,0,0,0,0,0,0,0,0,43,0,23,18,0,0,2,1
49560,41297,2020-01-16,The Esplanade / Scott St,-79.3752644227303,43.6463225154789,2,13467327,,2020-01-16T13:45:00,2020-01-16T14:00:00,1,0,5,0,0,0,3,14,0,0,20,6,0,0,0,0,0,0,0,1,0,0,2,0,0,0,1,0,0,0,0,1,0,0,0,0,32,0,10,31,0,0,1,1
49561,41297,2020-01-16,The Esplanade / Scott St,-79.3752644227303,43.6463225154789,2,13467327,,2020-01-16T14:00:00,2020-01-16T14:15:00,4,0,5,0,0,0,6,25,0,0,21,2,1,0,1,0,0,0,0,1,0,0,2,0,0,0,1,0,0,0,0,0,0,0,0,0,35,0,21,28,2,0,2,1
49562,41297,2020-01-16,The Esplanade / Scott St,-79.3752644227303,43.6463225154789,2,13467327,,2020-01-16T14:15:00,2020-01-16T14:30:00,5,0,6,0,0,0,9,13,0,0,22,4,0,0,0,0,0,0,3,3,0,0,4,0,0,0,0,0,0,0,0,1,0,0,0,0,47,0,34,43,1,0,2,0
49563,41297,2020-01-16,The Esplanade / Scott St,-79.3752644227303,43.6463225154789,2,13467327,,2020-01-16T14:30:00,2020-01-16T14:45:00,8,0,5,0,0,0,2,27,0,0,21,10,0,0,0,0,0,0,1,4,0,0,1,1,0,0,0,0,0,0,0,0,0,0,0,0,40,0,29,52,0,0,1,1
49564,41297,2020-01-16,The Esplanade / Scott St,-79.3752644227303,43.6463225154789,2,13467327,,2020-01-16T14:45:00,2020-01-16T15:00:00,4,0,2,0,0,0,7,24,0,0,21,5,0,0,0,0,0,0,1,2,0,0,2,0,0,0,1,0,0,0,0,1,0,0,0,0,41,0,26,25,0,0,0,1
49565,41297,2020-01-16,The Esplanade / Scott St,-79.3752644227303,43.6463225154789,2,13467327,,2020-01-16T16:00:00,2020-01-16T16:15:00,16,0,2,0,0,0,7,25,0,0,23,12,0,0,0,0,0,0,0,0,0,0,2,2,0,0,0,0,0,0,0,1,0,0,0,0,84,0,26,98,1,0,0,1
49566,41297,2020-01-16,The Esplanade / Scott St,-79.3752644227303,43.6463225154789,2,13467327,,2020-01-16T16:15:00,2020-01-16T16:30:00,9,0,6,0,0,0,7,29,0,0,26,13,2,0,1,0,0,0,0,0,0,0,0,1,0,0,0,0,0,0,0,0,0,0,0,0,104,0,34,54,4,0,1,3
49567,41297,2020-01-16,The Esplanade / Scott St,-79.3752644227303,43.6463225154789,2,13467327,,2020-01-16T16:30:00,2020-01-16T16:45:00,11,0,2,0,0,0,12,41,0,0,33,17,1,0,1,0,0,0,0,3,0,0,2,1,0,0,2,0,0,0,0,1,0,0,0,0,111,0,58,47,1,0,2,3
49568,41297,2020-01-16,The Esplanade / Scott St,-79.3752644227303,43.6463225154789,2,13467327,,2020-01-16T16:45:00,2020-01-16T17:00:00,8,0,6,0,0,0,12,30,0,0,28,11,0,0,0,0,0,0,2,2,0,0,0,0,0,0,0,0,0,0,0,0,0,0,0,0,160,0,42,53,6,0,3,3
49569,41297,2020-01-16,The Esplanade / Scott St,-79.3752644227303,43.6463225154789,2,13467327,,2020-01-16T17:00:00,2020-01-16T17:15:00,10,0,10,0,0,0,13,26,0,0,27,19,0,0,1,0,0,0,0,1,0,0,4,0,1,0,1,0,0,0,0,1,0,0,0,0,236,0,75,59,2,0,3,1
49570,41297,2020-01-16,The Esplanade / Scott St,-79.3752644227303,43.6463225154789,2,13467327,,2020-01-16T17:15:00,2020-01-16T17:30:00,9,0,10,0,0,0,2,34,0,0,20,14,0,0,0,0,0,0,0,3,0,0,2,0,0,0,0,0,0,0,0,0,0,0,0,0,263,0,100,75,2,0,0,1
49571,41297,2020-01-16,The Esplanade / Scott St,-79.3752644227303,43.6463225154789,2,13467327,,2020-01-16T17:30:00,2020-01-16T17:45:00,10,0,8,0,0,0,10,37,0,0,29,18,0,0,0,0,0,0,0,1,0,0,3,0,0,0,1,0,0,0,0,1,0,0,0,0,164,0,64,99,0,0,0,2
49572,41297,2020-01-16,The Esplanade / Scott St,-79.3752644227303,43.6463225154789,2,13467327,,2020-01-16T17:45:00,2020-01-16T18:00:00,7,0,14,0,0,0,13,22,0,0,24,5,0,0,1,0,0,0,0,2,0,0,0,0,0,0,0,0,0,0,0,0,0,0,0,0,174,0,50,140,2,0,2,4
49573,41299,2020-01-16,Front St E / Church St,-79.3737867292567,43.6484421462181,2,14254942,15.0,2020-01-16T07:30:00,2020-01-16T07:45:00,40,24,5,5,19,3,14,129,8,1,64,20,1,4,0,1,2,2,3,5,1,0,12,1,0,1,0,0,0,0,0,0,0,0,2,0,73,0,10,60,1,0,0,1
49574,41299,2020-01-16,Front St E / Church St,-79.3737867292567,43.6484421462181,2,14254942,15.0,2020-01-16T07:45:00,2020-01-16T08:00:00,35,26,11,4,33,7,16,176,3,2,49,28,6,0,0,1,1,0,2,2,0,0,7,1,0,0,0,0,0,0,1,4,0,0,0,2,86,0,17,45,0,0,0,0
49575,41299,2020-01-16,Front St E / Church St,-79.3737867292567,43.6484421462181,2,14254942,15.0,2020-01-16T08:00:00,2020-01-16T08:15:00,50,24,26,7,30,7,20,180,6,0,46,19,2,3,2,0,1,0,2,7,0,0,4,1,0,0,0,0,0,1,0,1,1,0,1,0,72,0,25,55,2,0,2,1
49576,41299,2020-01-16,Front St E / Church St,-79.3737867292567,43.6484421462181,2,14254942,15.0,2020-01-16T08:15:00,2020-01-16T08:30:00,43,30,12,2,42,2,25,188,7,4,38,29,2,2,0,0,1,0,0,7,1,0,3,1,1,1,0,0,1,1,0,0,0,0,1,1,97,0,36,78,0,0,0,1
49577,41299,2020-01-16,Front St E / Church St,-79.3737867292567,43.6484421462181,2,14254942,15.0,2020-01-16T08:30:00,2020-01-16T08:45:00,35,32,8,0,42,2,31,180,8,3,42,31,3,0,0,0,0,0,0,3,0,0,1,1,0,0,0,0,1,0,1,1,0,0,1,1,163,0,17,65,1,0,0,0
49578,41299,2020-01-16,Front St E / Church St,-79.3737867292567,43.6484421462181,2,14254942,15.0,2020-01-16T08:45:00,2020-01-16T09:00:00,42,22,15,0,37,8,20,187,5,1,60,20,5,0,0,0,3,0,2,12,0,0,9,0,0,0,0,0,0,0,0,1,0,0,0,0,153,0,8,95,1,0,0,0
49579,41299,2020-01-16,Front St E / Church St,-79.3737867292567,43.6484421462181,2,14254942,15.0,2020-01-16T09:00:00,2020-01-16T09:15:00,31,39,4,0,38,7,26,180,1,0,69,26,3,1,0,0,1,0,0,11,0,0,0,4,0,0,0,0,1,0,0,0,0,0,0,0,128,0,2,82,1,0,0,0
49580,41299,2020-01-16,Front St E / Church St,-79.3737867292567,43.6484421462181,2,14254942,15.0,2020-01-16T09:15:00,2020-01-16T09:30:00,33,34,0,0,34,2,16,152,1,0,62,40,2,3,0,0,2,0,0,9,0,0,4,2,0,0,0,0,0,0,1,0,0,0,0,0,90,0,7,75,0,0,0,0
49581,41299,2020-01-16,Front St E / Church St,-79.3737867292567,43.6484421462181,2,14254942,15.0,2020-01-16T10:00:00,2020-01-16T10:15:00,36,24,0,0,42,2,29,89,0,0,47,37,3,1,0,0,0,0,3,1,0,0,11,3,0,0,0,0,0,0,0,0,0,0,0,0,63,0,0,30,2,0,1,0
49582,41299,2020-01-16,Front St E / Church St,-79.3737867292567,43.6484421462181,2,14254942,15.0,2020-01-16T10:15:00,2020-01-16T10:30:00,22,26,0,0,34,6,14,93,2,0,62,22,2,4,0,0,0,0,5,5,0,0,11,1,0,0,0,0,0,0,0,0,0,0,0,0,58,0,9,38,0,0,2,0
49583,41299,2020-01-16,Front St E / Church St,-79.3737867292567,43.6484421462181,2,14254942,15.0,2020-01-16T10:30:00,2020-01-16T10:45:00,30,27,10,0,22,6,21,107,2,0,58,24,4,4,0,0,1,0,2,5,2,0,4,0,0,0,0,0,0,0,0,2,0,0,0,0,54,0,9,35,0,0,1,0
49584,41299,2020-01-16,Front St E / Church St,-79.3737867292567,43.6484421462181,2,14254942,15.0,2020-01-16T10:45:00,2020-01-16T11:00:00,24,20,12,0,31,4,32,102,4,0,67,27,5,2,2,0,1,1,0,7,1,0,3,1,0,0,0,0,0,0,0,0,0,0,0,0,62,0,22,30,0,0,0,0
49585,41299,2020-01-16,Front St E / Church St,-79.3737867292567,43.6484421462181,2,14254942,15.0,2020-01-16T11:00:00,2020-01-16T11:15:00,29,30,22,0,22,3,21,95,2,0,60,29,3,2,3,0,1,0,0,10,0,0,14,0,0,0,0,0,0,0,0,0,0,0,0,0,62,0,29,40,0,0,0,0
49586,41299,2020-01-16,Front St E / Church St,-79.3737867292567,43.6484421462181,2,14254942,15.0,2020-01-16T11:15:00,2020-01-16T11:30:00,33,17,13,8,12,5,18,84,10,2,75,38,1,3,0,0,2,0,3,5,0,0,15,3,0,0,0,0,0,0,0,1,0,0,0,0,83,0,28,52,4,0,2,0
49587,41299,2020-01-16,Front St E / Church St,-79.3737867292567,43.6484421462181,2,14254942,15.0,2020-01-16T11:30:00,2020-01-16T11:45:00,34,30,16,9,21,4,23,74,4,14,53,23,1,2,4,1,0,0,3,4,0,1,5,4,0,0,0,0,0,0,0,0,0,0,1,0,76,34,57,46,1,0,2,0
49588,41299,2020-01-16,Front St E / Church St,-79.3737867292567,43.6484421462181,2,14254942,15.0,2020-01-16T11:45:00,2020-01-16T12:00:00,29,25,19,6,14,6,25,85,5,8,89,24,2,4,3,0,0,0,3,4,0,0,5,2,0,0,0,0,0,0,0,0,0,0,1,0,114,29,104,56,2,1,2,1
49589,41299,2020-01-16,Front St E / Church St,-79.3737867292567,43.6484421462181,2,14254942,15.0,2020-01-16T13:00:00,2020-01-16T13:15:00,37,28,16,14,10,0,11,81,7,4,62,19,2,4,0,0,2,0,1,1,0,0,5,0,0,0,0,0,0,0,0,1,0,0,2,2,113,74,123,104,3,0,2,0
49590,41299,2020-01-16,Front St E / Church St,-79.3737867292567,43.6484421462181,2,14254942,15.0,2020-01-16T13:15:00,2020-01-16T13:30:00,36,18,17,9,18,7,17,67,4,6,58,17,2,1,1,0,0,0,2,4,1,0,1,3,0,0,0,0,0,0,0,1,0,0,2,0,105,54,124,95,1,0,2,2
49591,41299,2020-01-16,Front St E / Church St,-79.3737867292567,43.6484421462181,2,14254942,15.0,2020-01-16T13:30:00,2020-01-16T13:45:00,30,24,15,16,19,7,10,90,3,3,68,21,2,3,2,0,3,0,2,3,0,0,2,0,0,0,0,0,0,0,0,1,0,0,0,0,123,84,68,75,1,0,0,0
49592,41299,2020-01-16,Front St E / Church St,-79.3737867292567,43.6484421462181,2,14254942,15.0,2020-01-16T13:45:00,2020-01-16T14:00:00,35,25,9,4,21,4,22,63,1,7,65,19,1,0,2,0,0,0,2,1,0,0,5,0,0,0,0,0,0,0,0,0,0,0,0,0,126,22,72,56,2,0,3,0
49593,41299,2020-01-16,Front St E / Church St,-79.3737867292567,43.6484421462181,2,14254942,15.0,2020-01-16T14:00:00,2020-01-16T14:15:00,31,26,28,6,20,3,15,80,5,6,78,14,1,0,3,0,1,0,0,5,1,0,7,1,0,0,0,0,0,0,0,0,0,0,1,1,80,59,124,79,1,0,1,0
49594,41299,2020-01-16,Front St E / Church St,-79.3737867292567,43.6484421462181,2,14254942,15.0,2020-01-16T14:15:00,2020-01-16T14:30:00,36,24,24,12,26,7,11,68,5,6,80,18,2,8,2,0,0,0,0,4,1,0,4,3,0,0,0,0,0,0,0,0,0,0,0,1,114,57,96,60,1,0,0,0
49595,41299,2020-01-16,Front St E / Church St,-79.3737867292567,43.6484421462181,2,14254942,15.0,2020-01-16T14:30:00,2020-01-16T14:45:00,28,34,22,13,12,8,14,78,11,5,54,20,2,7,2,1,0,0,1,5,0,1,3,0,0,0,0,0,0,0,0,0,0,0,1,0,88,45,94,42,0,0,2,0
49596,41299,2020-01-16,Front St E / Church St,-79.3737867292567,43.6484421462181,2,14254942,15.0,2020-01-16T14:45:00,2020-01-16T15:00:00,29,38,17,16,17,5,13,86,5,4,70,21,3,2,2,0,0,2,1,1,0,0,1,2,0,0,0,0,0,0,0,0,0,0,0,1,75,27,101,45,1,0,1,0
49597,41299,2020-01-16,Front St E / Church St,-79.3737867292567,43.6484421462181,2,14254942,15.0,2020-01-16T16:00:00,2020-01-16T16:15:00,48,35,9,20,30,4,17,102,6,2,89,19,4,1,2,1,0,0,1,2,1,0,1,1,1,0,0,0,0,0,0,3,0,0,2,0,115,26,75,85,0,0,3,0
49598,41299,2020-01-16,Front St E / Church St,-79.3737867292567,43.6484421462181,2,14254942,15.0,2020-01-16T16:15:00,2020-01-16T16:30:00,39,42,9,11,24,9,11,129,6,2,101,28,1,5,1,0,0,0,1,12,0,0,2,0,0,0,0,0,0,0,0,1,0,0,1,1,102,30,89,81,2,0,1,0
49599,41299,2020-01-16,Front St E / Church St,-79.3737867292567,43.6484421462181,2,14254942,15.0,2020-01-16T16:30:00,2020-01-16T16:45:00,33,30,14,25,21,6,12,93,6,1,86,30,4,0,0,0,0,0,1,2,0,0,3,0,0,2,0,0,0,0,0,2,0,0,0,0,98,49,84,89,1,0,2,0
49600,41299,2020-01-16,Front St E / Church St,-79.3737867292567,43.6484421462181,2,14254942,15.0,2020-01-16T16:45:00,2020-01-16T17:00:00,27,36,20,29,16,5,15,122,11,1,97,26,2,3,1,0,1,1,2,4,1,0,3,2,0,0,0,0,1,0,0,1,0,0,1,1,127,39,113,105,5,0,1,0
49601,41299,2020-01-16,Front St E / Church St,-79.3737867292567,43.6484421462181,2,14254942,15.0,2020-01-16T17:00:00,2020-01-16T17:15:00,32,35,29,24,35,6,19,118,10,4,123,27,3,1,0,0,0,0,0,3,0,0,2,0,0,1,0,0,0,0,0,2,0,0,0,1,173,49,149,54,1,0,0,0
49602,41299,2020-01-16,Front St E / Church St,-79.3737867292567,43.6484421462181,2,14254942,15.0,2020-01-16T17:15:00,2020-01-16T17:30:00,25,32,20,21,26,6,21,141,12,8,120,36,0,1,0,0,0,0,0,5,0,0,3,0,0,0,0,0,0,0,0,2,0,0,2,1,155,53,147,41,0,0,3,0
49603,41299,2020-01-16,Front St E / Church St,-79.3737867292567,43.6484421462181,2,14254942,15.0,2020-01-16T17:30:00,2020-01-16T17:45:00,33,32,20,22,34,4,12,139,15,7,129,36,0,1,0,0,0,0,1,6,0,1,2,0,0,0,0,0,0,0,0,1,0,0,1,0,150,57,117,22,0,0,1,0
49604,41299,2020-01-16,Front St E / Church St,-79.3737867292567,43.6484421462181,2,14254942,15.0,2020-01-16T17:45:00,2020-01-16T18:00:00,50,44,17,9,24,30,19,97,14,6,126,33,2,1,0,0,0,0,0,5,0,0,3,0,0,0,0,0,0,0,0,2,0,0,0,1,124,59,125,88,1,0,1,0
49605,41301,2020-01-16,The Esplanade / Church St,-79.3732814517325,43.6472560085511,2,13467160,2014.0,2020-01-16T07:30:00,2020-01-16T07:45:00,8,12,11,0,3,2,19,19,7,4,11,7,2,1,3,0,0,0,4,1,1,0,3,1,1,0,1,0,0,0,0,1,0,0,1,1,53,31,16,22,1,1,2,1
49606,41301,2020-01-16,The Esplanade / Church St,-79.3732814517325,43.6472560085511,2,13467160,2014.0,2020-01-16T07:45:00,2020-01-16T08:00:00,6,11,10,2,1,0,28,15,6,3,17,6,1,1,0,1,0,0,4,0,1,1,2,2,1,0,0,1,0,0,0,1,0,0,1,0,68,31,20,32,2,0,1,1
49607,41301,2020-01-16,The Esplanade / Church St,-79.3732814517325,43.6472560085511,2,13467160,2014.0,2020-01-16T08:00:00,2020-01-16T08:15:00,7,13,12,1,5,1,28,15,8,4,11,3,0,0,3,0,1,0,0,0,1,1,0,0,1,0,0,0,1,0,0,2,0,0,2,0,71,35,33,38,2,0,3,2
49608,41301,2020-01-16,The Esplanade / Church St,-79.3732814517325,43.6472560085511,2,13467160,2014.0,2020-01-16T08:15:00,2020-01-16T08:30:00,9,16,12,1,4,1,36,28,11,4,33,12,1,1,1,0,2,0,1,2,0,0,1,1,1,0,1,0,0,0,0,1,0,0,1,0,59,52,23,27,0,0,6,3
49609,41301,2020-01-16,The Esplanade / Church St,-79.3732814517325,43.6472560085511,2,13467160,2014.0,2020-01-16T08:30:00,2020-01-16T08:45:00,10,16,13,2,4,1,35,21,12,4,16,4,0,0,1,0,0,0,2,1,1,0,2,0,0,0,0,0,0,0,2,1,0,0,1,1,87,64,34,28,0,0,6,2
49610,41301,2020-01-16,The Esplanade / Church St,-79.3732814517325,43.6472560085511,2,13467160,2014.0,2020-01-16T08:45:00,2020-01-16T09:00:00,13,9,6,0,1,2,40,32,6,0,17,7,0,0,1,0,0,0,5,3,0,0,2,0,1,0,0,0,0,0,0,0,0,0,2,0,91,68,34,45,1,0,1,3
49611,41301,2020-01-16,The Esplanade / Church St,-79.3732814517325,43.6472560085511,2,13467160,2014.0,2020-01-16T09:00:00,2020-01-16T09:15:00,12,13,6,1,2,0,33,22,11,6,19,5,0,0,0,0,0,0,7,0,0,0,4,0,0,0,0,0,0,0,0,2,0,0,1,0,78,56,30,30,1,0,4,2
49612,41301,2020-01-16,The Esplanade / Church St,-79.3732814517325,43.6472560085511,2,13467160,2014.0,2020-01-16T09:15:00,2020-01-16T09:30:00,12,6,10,2,4,1,27,22,2,5,10,13,0,0,2,0,0,0,0,2,1,0,2,2,1,0,0,0,0,0,0,1,0,0,1,0,81,32,17,48,0,0,3,3
49613,41301,2020-01-16,The Esplanade / Church St,-79.3732814517325,43.6472560085511,2,13467160,2014.0,2020-01-16T10:00:00,2020-01-16T10:15:00,10,5,9,1,4,1,28,17,6,4,9,8,4,0,0,1,1,1,2,2,1,0,2,2,0,0,0,0,0,0,0,0,0,0,0,0,21,29,17,24,2,0,0,0
49614,41301,2020-01-16,The Esplanade / Church St,-79.3732814517325,43.6472560085511,2,13467160,2014.0,2020-01-16T10:15:00,2020-01-16T10:30:00,8,5,15,2,5,0,29,15,6,3,10,5,2,1,0,0,2,0,2,1,0,0,0,0,0,0,0,0,0,0,0,1,0,0,0,1,27,19,23,20,0,0,1,0
49615,41301,2020-01-16,The Esplanade / Church St,-79.3732814517325,43.6472560085511,2,13467160,2014.0,2020-01-16T10:30:00,2020-01-16T10:45:00,19,8,12,1,1,1,26,15,2,6,12,9,4,0,5,0,0,0,2,2,1,0,1,1,0,0,0,0,0,0,0,0,0,0,0,0,56,23,14,31,0,0,0,2
49616,41301,2020-01-16,The Esplanade / Church St,-79.3732814517325,43.6472560085511,2,13467160,2014.0,2020-01-16T10:45:00,2020-01-16T11:00:00,8,5,12,2,5,3,28,20,2,2,11,7,1,0,0,0,0,0,1,2,1,0,4,1,0,0,0,0,0,0,0,1,0,0,1,0,30,24,15,25,0,0,2,0
49617,41301,2020-01-16,The Esplanade / Church St,-79.3732814517325,43.6472560085511,2,13467160,2014.0,2020-01-16T11:00:00,2020-01-16T11:15:00,9,4,22,3,0,2,26,14,1,4,14,7,1,1,0,1,0,0,2,2,0,0,0,0,0,0,0,0,0,0,0,0,0,0,0,0,31,22,14,23,1,0,3,0
49618,41301,2020-01-16,The Esplanade / Church St,-79.3732814517325,43.6472560085511,2,13467160,2014.0,2020-01-16T11:15:00,2020-01-16T11:30:00,10,6,7,1,1,1,22,10,3,3,9,1,1,1,1,0,0,0,3,3,1,0,2,1,0,0,0,0,0,0,0,1,0,0,1,0,36,15,12,18,1,0,1,2
49619,41301,2020-01-16,The Esplanade / Church St,-79.3732814517325,43.6472560085511,2,13467160,2014.0,2020-01-16T11:30:00,2020-01-16T11:45:00,17,12,11,1,0,1,19,7,3,4,17,11,6,0,1,1,0,0,2,1,1,0,1,1,0,0,0,0,0,0,0,0,0,0,0,0,42,22,14,15,2,0,5,0
49620,41301,2020-01-16,The Esplanade / Church St,-79.3732814517325,43.6472560085511,2,13467160,2014.0,2020-01-16T11:45:00,2020-01-16T12:00:00,15,4,12,2,3,0,26,13,2,5,13,5,4,0,3,1,0,0,1,2,0,0,1,0,0,0,0,0,0,0,0,1,0,0,1,0,55,29,27,16,1,0,1,1
49621,41301,2020-01-16,The Esplanade / Church St,-79.3732814517325,43.6472560085511,2,13467160,2014.0,2020-01-16T13:00:00,2020-01-16T13:15:00,11,8,19,0,5,2,18,23,4,4,9,7,2,0,3,0,0,0,2,1,0,0,2,0,0,0,0,0,0,0,0,0,0,0,0,0,52,21,15,10,1,0,2,0
49622,41301,2020-01-16,The Esplanade / Church St,-79.3732814517325,43.6472560085511,2,13467160,2014.0,2020-01-16T13:15:00,2020-01-16T13:30:00,4,9,17,3,5,0,14,9,1,2,16,11,3,0,2,0,0,0,0,0,1,1,2,0,0,0,0,0,0,0,0,1,0,0,1,0,60,26,13,22,2,0,0,1
49623,41301,2020-01-16,The Esplanade / Church St,-79.3732814517325,43.6472560085511,2,13467160,2014.0,2020-01-16T13:30:00,2020-01-16T13:45:00,5,5,18,3,15,1,14,8,4,2,15,10,2,0,1,0,1,0,0,1,0,0,2,0,0,0,0,0,0,0,0,0,0,0,0,0,52,29,24,23,1,1,3,1
49624,41301,2020-01-16,The Esplanade / Church St,-79.3732814517325,43.6472560085511,2,13467160,2014.0,2020-01-16T13:45:00,2020-01-16T14:00:00,6,2,28,4,10,2,10,14,0,3,20,3,1,0,1,0,1,0,3,0,0,1,1,1,0,0,0,0,0,0,0,1,0,0,1,0,41,11,15,10,2,0,0,1
49625,41301,2020-01-16,The Esplanade / Church St,-79.3732814517325,43.6472560085511,2,13467160,2014.0,2020-01-16T14:00:00,2020-01-16T14:15:00,14,3,14,1,4,3,13,13,2,3,12,4,2,0,1,0,0,0,1,1,0,1,2,0,0,0,0,0,0,0,0,0,0,0,0,0,38,16,18,23,0,0,2,1
49626,41301,2020-01-16,The Esplanade / Church St,-79.3732814517325,43.6472560085511,2,13467160,2014.0,2020-01-16T14:15:00,2020-01-16T14:30:00,8,12,16,1,4,0,17,12,2,2,12,18,2,4,2,1,0,0,0,3,0,0,2,1,0,0,0,0,0,0,0,1,0,0,1,0,59,20,22,16,2,1,0,1
49627,41301,2020-01-16,The Esplanade / Church St,-79.3732814517325,43.6472560085511,2,13467160,2014.0,2020-01-16T14:30:00,2020-01-16T14:45:00,9,17,15,7,9,6,17,15,4,4,12,8,1,3,8,2,0,2,1,2,0,0,2,1,0,0,0,0,0,0,0,0,0,0,0,0,50,28,13,37,0,0,1,0
49628,41301,2020-01-16,The Esplanade / Church St,-79.3732814517325,43.6472560085511,2,13467160,2014.0,2020-01-16T14:45:00,2020-01-16T15:00:00,10,11,17,2,13,2,17,20,0,6,17,6,1,3,2,0,0,0,4,0,0,1,1,0,0,0,0,0,0,0,0,1,0,0,1,0,35,31,16,10,0,0,0,1
49629,41301,2020-01-16,The Esplanade / Church St,-79.3732814517325,43.6472560085511,2,13467160,2014.0,2020-01-16T16:00:00,2020-01-16T16:15:00,16,1,20,4,24,2,15,20,3,2,14,9,2,0,3,0,2,0,0,0,3,1,0,0,0,0,0,0,0,0,0,1,0,0,0,0,75,30,33,28,1,0,1,2
49630,41301,2020-01-16,The Esplanade / Church St,-79.3732814517325,43.6472560085511,2,13467160,2014.0,2020-01-16T16:15:00,2020-01-16T16:30:00,13,8,23,2,16,3,16,19,6,6,15,11,0,1,4,0,0,0,0,1,0,0,1,0,0,0,0,0,0,0,0,0,0,0,0,0,66,41,32,26,1,0,1,2
49631,41301,2020-01-16,The Esplanade / Church St,-79.3732814517325,43.6472560085511,2,13467160,2014.0,2020-01-16T16:30:00,2020-01-16T16:45:00,24,11,7,1,16,4,17,26,3,4,16,16,0,1,2,0,1,0,2,3,0,0,1,1,0,0,1,0,0,0,0,1,0,0,1,0,91,32,27,31,1,0,1,2
49632,41301,2020-01-16,The Esplanade / Church St,-79.3732814517325,43.6472560085511,2,13467160,2014.0,2020-01-16T16:45:00,2020-01-16T17:00:00,22,8,15,4,15,5,12,11,11,4,14,25,2,3,1,0,1,0,2,0,0,0,0,1,0,1,0,0,1,0,0,1,0,0,1,0,95,41,20,47,6,0,2,3
49633,41301,2020-01-16,The Esplanade / Church St,-79.3732814517325,43.6472560085511,2,13467160,2014.0,2020-01-16T17:00:00,2020-01-16T17:15:00,17,17,16,4,23,1,14,12,6,3,13,23,0,1,1,0,0,0,1,0,0,4,1,1,0,0,0,0,0,0,0,1,0,0,0,0,120,52,43,50,2,0,2,4
49634,41301,2020-01-16,The Esplanade / Church St,-79.3732814517325,43.6472560085511,2,13467160,2014.0,2020-01-16T17:15:00,2020-01-16T17:30:00,15,10,23,7,18,1,10,18,6,2,18,14,2,1,0,0,0,0,0,3,0,2,2,1,0,0,0,0,0,0,0,0,0,0,1,0,125,47,30,54,1,0,2,2
49635,41301,2020-01-16,The Esplanade / Church St,-79.3732814517325,43.6472560085511,2,13467160,2014.0,2020-01-16T17:30:00,2020-01-16T17:45:00,26,13,24,7,24,3,19,18,4,9,19,18,0,0,3,0,0,0,0,2,0,2,0,1,0,0,0,0,0,0,0,1,0,0,1,0,93,50,36,53,0,0,1,1
49636,41301,2020-01-16,The Esplanade / Church St,-79.3732814517325,43.6472560085511,2,13467160,2014.0,2020-01-16T17:45:00,2020-01-16T18:00:00,15,13,28,8,22,3,24,9,7,2,17,13,1,0,0,0,0,0,0,2,0,0,0,0,0,0,0,0,0,0,0,0,0,0,0,0,91,58,50,42,0,0,1,3
50097,41207,2020-01-16,Yonge St / Wellington St E / Wellington St W,-79.3773365299314,43.6478320363295,2,13467080,30.0,2020-01-16T07:30:00,2020-01-16T07:45:00,37,80,0,0,102,51,10,154,12,0,0,0,1,5,0,0,16,3,1,6,6,0,0,0,1,1,0,0,1,1,0,1,0,0,0,0,70,56,76,0,2,2,1,0
50098,41207,2020-01-16,Yonge St / Wellington St E / Wellington St W,-79.3773365299314,43.6478320363295,2,13467080,30.0,2020-01-16T07:45:00,2020-01-16T08:00:00,54,75,0,0,106,59,11,177,11,0,0,0,3,5,0,0,5,4,0,10,1,0,0,0,0,1,0,0,0,0,0,2,0,0,0,0,105,117,167,0,0,1,1,0
50099,41207,2020-01-16,Yonge St / Wellington St E / Wellington St W,-79.3773365299314,43.6478320363295,2,13467080,30.0,2020-01-16T08:00:00,2020-01-16T08:15:00,52,82,0,0,97,57,6,211,17,0,0,0,2,8,0,0,10,5,1,10,2,0,0,0,0,1,0,0,1,1,0,2,1,0,0,0,130,137,205,0,2,0,0,0
50100,41207,2020-01-16,Yonge St / Wellington St E / Wellington St W,-79.3773365299314,43.6478320363295,2,13467080,30.0,2020-01-16T08:15:00,2020-01-16T08:30:00,39,69,0,0,108,60,9,216,17,0,0,0,4,8,0,0,6,2,1,13,1,0,0,0,1,3,0,0,0,1,0,0,0,0,0,0,181,139,212,0,4,6,1,0
50101,41207,2020-01-16,Yonge St / Wellington St E / Wellington St W,-79.3773365299314,43.6478320363295,2,13467080,30.0,2020-01-16T08:30:00,2020-01-16T08:45:00,54,65,0,0,111,60,14,199,10,0,0,0,1,2,0,0,10,2,1,8,0,0,0,0,0,0,0,0,1,0,0,3,0,0,0,0,196,191,317,0,7,2,3,0
50102,41207,2020-01-16,Yonge St / Wellington St E / Wellington St W,-79.3773365299314,43.6478320363295,2,13467080,30.0,2020-01-16T08:45:00,2020-01-16T09:00:00,39,64,0,0,88,67,5,212,12,0,0,0,2,2,0,0,6,2,0,14,1,0,0,0,0,4,0,0,0,1,0,1,0,0,0,0,205,206,402,0,2,3,0,0
50103,41207,2020-01-16,Yonge St / Wellington St E / Wellington St W,-79.3773365299314,43.6478320363295,2,13467080,30.0,2020-01-16T09:00:00,2020-01-16T09:15:00,49,76,0,0,106,57,10,212,11,0,0,0,2,1,0,0,13,5,0,16,2,0,0,0,1,0,0,0,1,1,0,2,0,0,0,0,268,201,292,0,1,1,0,0
50104,41207,2020-01-16,Yonge St / Wellington St E / Wellington St W,-79.3773365299314,43.6478320363295,2,13467080,30.0,2020-01-16T09:15:00,2020-01-16T09:30:00,44,80,0,0,112,48,7,200,15,0,0,0,4,3,0,0,8,4,1,7,1,0,0,0,0,0,0,0,1,1,0,2,0,0,0,0,182,146,275,0,2,0,0,0
50105,41207,2020-01-16,Yonge St / Wellington St E / Wellington St W,-79.3773365299314,43.6478320363295,2,13467080,30.0,2020-01-16T10:00:00,2020-01-16T10:15:00,35,71,0,0,89,60,8,101,12,0,0,0,1,7,0,0,12,6,0,5,3,0,0,0,0,1,0,0,1,0,0,0,0,0,0,0,137,71,101,0,1,1,1,0
50106,41207,2020-01-16,Yonge St / Wellington St E / Wellington St W,-79.3773365299314,43.6478320363295,2,13467080,30.0,2020-01-16T10:15:00,2020-01-16T10:30:00,39,85,0,0,107,56,5,108,17,0,0,0,1,10,0,0,11,8,3,11,2,0,0,0,0,1,0,0,0,1,0,0,0,0,0,0,84,76,275,0,3,3,4,0
50107,41207,2020-01-16,Yonge St / Wellington St E / Wellington St W,-79.3773365299314,43.6478320363295,2,13467080,30.0,2020-01-16T10:30:00,2020-01-16T10:45:00,32,70,0,0,100,62,19,103,23,0,0,0,3,8,0,0,10,6,1,6,2,0,0,0,0,1,0,0,0,1,0,1,0,0,0,0,59,66,207,0,5,1,3,0
50108,41207,2020-01-16,Yonge St / Wellington St E / Wellington St W,-79.3773365299314,43.6478320363295,2,13467080,30.0,2020-01-16T10:45:00,2020-01-16T11:00:00,37,62,0,0,110,54,9,114,15,0,0,0,4,7,0,0,20,5,1,7,2,0,0,0,0,0,0,0,0,1,0,0,0,0,0,0,60,49,203,0,2,0,0,0
50109,41207,2020-01-16,Yonge St / Wellington St E / Wellington St W,-79.3773365299314,43.6478320363295,2,13467080,30.0,2020-01-16T11:00:00,2020-01-16T11:15:00,34,87,0,0,109,59,12,108,21,0,0,0,1,9,0,0,8,3,1,11,4,0,0,0,0,2,0,0,1,0,0,1,0,0,0,0,72,50,101,0,2,2,2,0
50110,41207,2020-01-16,Yonge St / Wellington St E / Wellington St W,-79.3773365299314,43.6478320363295,2,13467080,30.0,2020-01-16T11:15:00,2020-01-16T11:30:00,39,70,0,0,105,57,7,101,17,0,0,0,1,10,0,0,9,4,1,7,2,0,0,0,0,0,0,0,0,1,0,1,0,0,0,0,52,56,105,0,2,1,3,0
50111,41207,2020-01-16,Yonge St / Wellington St E / Wellington St W,-79.3773365299314,43.6478320363295,2,13467080,30.0,2020-01-16T11:30:00,2020-01-16T11:45:00,30,63,0,0,107,60,14,89,23,0,0,0,3,11,0,0,16,1,2,1,3,0,0,0,0,1,0,0,0,1,0,1,0,0,0,0,96,95,124,0,7,4,2,0
50112,41207,2020-01-16,Yonge St / Wellington St E / Wellington St W,-79.3773365299314,43.6478320363295,2,13467080,30.0,2020-01-16T11:45:00,2020-01-16T12:00:00,32,80,0,0,101,35,8,89,14,0,0,0,2,10,0,0,13,2,2,8,4,0,0,0,0,0,0,0,0,1,0,0,0,0,0,0,102,104,177,0,2,4,5,0
50113,41207,2020-01-16,Yonge St / Wellington St E / Wellington St W,-79.3773365299314,43.6478320363295,2,13467080,30.0,2020-01-16T13:00:00,2020-01-16T13:15:00,32,84,0,0,89,40,13,93,23,0,0,0,0,11,0,0,11,2,0,3,2,0,0,0,0,1,0,0,1,1,0,0,0,0,0,0,229,126,176,0,1,2,0,0
50114,41207,2020-01-16,Yonge St / Wellington St E / Wellington St W,-79.3773365299314,43.6478320363295,2,13467080,30.0,2020-01-16T13:15:00,2020-01-16T13:30:00,34,95,0,0,92,42,10,84,24,0,0,0,2,7,0,0,7,2,0,6,3,0,0,0,0,1,0,0,0,1,0,1,0,0,0,0,167,89,130,0,1,2,2,0
50115,41207,2020-01-16,Yonge St / Wellington St E / Wellington St W,-79.3773365299314,43.6478320363295,2,13467080,30.0,2020-01-16T13:30:00,2020-01-16T13:45:00,33,101,0,0,76,47,9,80,25,0,0,0,0,6,0,0,5,3,0,3,1,0,0,0,1,0,0,0,0,1,0,4,0,0,0,0,172,80,167,0,4,1,0,0
50116,41207,2020-01-16,Yonge St / Wellington St E / Wellington St W,-79.3773365299314,43.6478320363295,2,13467080,30.0,2020-01-16T13:45:00,2020-01-16T14:00:00,40,110,0,0,85,47,7,78,20,0,0,0,2,9,0,0,5,6,0,3,0,0,0,0,2,0,0,0,0,1,0,0,0,0,0,0,142,99,123,0,0,1,3,0
50117,41207,2020-01-16,Yonge St / Wellington St E / Wellington St W,-79.3773365299314,43.6478320363295,2,13467080,30.0,2020-01-16T14:00:00,2020-01-16T14:15:00,33,105,0,0,71,51,8,95,30,0,0,0,2,12,0,0,8,1,0,2,5,0,0,0,1,1,0,0,0,0,0,0,0,0,0,0,139,91,107,0,2,0,1,0
50118,41207,2020-01-16,Yonge St / Wellington St E / Wellington St W,-79.3773365299314,43.6478320363295,2,13467080,30.0,2020-01-16T14:15:00,2020-01-16T14:30:00,35,113,0,0,75,43,10,95,21,0,0,0,2,10,0,0,8,2,0,3,1,0,0,0,0,1,0,0,0,0,0,0,0,0,0,0,103,68,129,0,3,3,0,0
50119,41207,2020-01-16,Yonge St / Wellington St E / Wellington St W,-79.3773365299314,43.6478320363295,2,13467080,30.0,2020-01-16T14:30:00,2020-01-16T14:45:00,30,99,0,0,96,48,17,95,23,0,0,0,1,12,0,0,8,1,0,3,2,0,0,0,1,1,0,0,0,2,0,0,0,0,0,0,116,53,118,0,3,5,1,0
50120,41207,2020-01-16,Yonge St / Wellington St E / Wellington St W,-79.3773365299314,43.6478320363295,2,13467080,30.0,2020-01-16T14:45:00,2020-01-16T15:00:00,35,117,0,0,75,37,14,109,19,0,0,0,0,15,0,0,7,5,1,3,2,0,0,0,0,1,0,0,2,1,0,0,0,0,0,0,131,66,126,0,0,1,0,0
50121,41207,2020-01-16,Yonge St / Wellington St E / Wellington St W,-79.3773365299314,43.6478320363295,2,13467080,30.0,2020-01-16T16:00:00,2020-01-16T16:15:00,39,78,0,0,72,33,8,114,40,0,0,0,1,5,0,0,3,4,0,4,2,0,0,0,0,2,0,0,2,1,0,0,1,0,0,0,140,101,160,0,1,3,3,0
50122,41207,2020-01-16,Yonge St / Wellington St E / Wellington St W,-79.3773365299314,43.6478320363295,2,13467080,30.0,2020-01-16T16:15:00,2020-01-16T16:30:00,31,45,0,0,72,35,9,150,26,0,0,0,1,3,0,0,2,2,0,13,3,0,0,0,0,1,0,0,0,0,0,0,0,0,0,0,139,97,180,0,2,2,0,0
50123,41207,2020-01-16,Yonge St / Wellington St E / Wellington St W,-79.3773365299314,43.6478320363295,2,13467080,30.0,2020-01-16T16:30:00,2020-01-16T16:45:00,37,90,0,0,64,35,10,120,18,0,0,0,0,5,0,0,3,2,0,8,1,0,0,0,1,0,0,0,2,1,0,1,0,0,0,0,176,126,195,0,1,1,1,0
50124,41207,2020-01-16,Yonge St / Wellington St E / Wellington St W,-79.3773365299314,43.6478320363295,2,13467080,30.0,2020-01-16T16:45:00,2020-01-16T17:00:00,41,84,0,0,70,39,13,145,18,0,0,0,2,2,0,0,4,1,0,10,2,0,0,0,0,1,0,0,0,1,0,0,0,0,0,0,166,149,230,0,0,0,0,0
50125,41207,2020-01-16,Yonge St / Wellington St E / Wellington St W,-79.3773365299314,43.6478320363295,2,13467080,30.0,2020-01-16T17:00:00,2020-01-16T17:15:00,43,83,0,0,64,28,11,150,27,0,0,0,2,4,0,0,2,1,0,9,3,0,0,0,1,2,0,0,0,1,0,0,0,0,0,0,252,190,327,0,3,1,0,0
50126,41207,2020-01-16,Yonge St / Wellington St E / Wellington St W,-79.3773365299314,43.6478320363295,2,13467080,30.0,2020-01-16T17:15:00,2020-01-16T17:30:00,37,101,0,0,82,33,13,146,25,0,0,0,1,3,0,0,1,3,0,6,0,0,0,0,0,0,0,0,0,0,0,0,0,0,0,0,238,191,318,0,4,5,0,0
50127,41207,2020-01-16,Yonge St / Wellington St E / Wellington St W,-79.3773365299314,43.6478320363295,2,13467080,30.0,2020-01-16T17:30:00,2020-01-16T17:45:00,35,65,0,0,88,25,18,125,29,0,0,0,1,7,0,0,4,1,1,8,0,0,0,0,0,1,0,0,1,1,0,1,1,0,0,0,206,156,283,0,8,3,0,0
50128,41207,2020-01-16,Yonge St / Wellington St E / Wellington St W,-79.3773365299314,43.6478320363295,2,13467080,30.0,2020-01-16T17:45:00,2020-01-16T18:00:00,42,87,0,0,77,24,11,120,33,0,0,0,1,3,0,0,2,5,0,2,1,0,0,0,0,1,0,0,1,1,0,0,0,0,0,0,148,145,208,0,1,4,1,0
52139,41229,2020-01-16,Yonge St / Front St E / Front St W,-79.3769743175951,43.6468847935012,2,13467239,29.0,2020-01-16T07:30:00,2020-01-16T07:45:00,24,57,9,22,135,28,0,0,0,16,51,16,0,11,0,5,15,3,0,0,0,5,11,2,0,1,0,0,1,2,0,0,0,0,2,0,115,93,72,91,3,3,0,3
52140,41229,2020-01-16,Yonge St / Front St E / Front St W,-79.3769743175951,43.6468847935012,2,13467239,29.0,2020-01-16T07:45:00,2020-01-16T08:00:00,28,49,14,15,143,43,0,0,0,12,59,22,0,4,0,1,9,3,0,0,0,2,8,0,0,0,0,0,0,1,0,0,0,0,2,0,190,140,149,126,2,2,0,2
52141,41229,2020-01-16,Yonge St / Front St E / Front St W,-79.3769743175951,43.6468847935012,2,13467239,29.0,2020-01-16T08:00:00,2020-01-16T08:15:00,32,58,7,18,141,46,0,0,0,8,50,10,1,5,2,1,13,3,0,0,0,0,12,2,0,0,0,0,1,0,0,0,0,0,1,1,201,135,118,125,2,4,0,2
52142,41229,2020-01-16,Yonge St / Front St E / Front St W,-79.3769743175951,43.6468847935012,2,13467239,29.0,2020-01-16T08:15:00,2020-01-16T08:30:00,30,46,13,19,155,41,0,0,0,15,57,18,1,9,1,2,9,6,0,0,0,1,10,0,1,3,0,0,0,3,0,0,0,1,3,1,209,155,162,165,3,5,0,3
52143,41229,2020-01-16,Yonge St / Front St E / Front St W,-79.3769743175951,43.6468847935012,2,13467239,29.0,2020-01-16T08:30:00,2020-01-16T08:45:00,15,46,12,24,161,79,0,0,0,13,67,11,1,3,0,1,10,0,0,0,0,1,10,2,0,0,0,0,1,0,0,0,0,0,0,0,290,238,210,221,3,4,0,2
52144,41229,2020-01-16,Yonge St / Front St E / Front St W,-79.3769743175951,43.6468847935012,2,13467239,29.0,2020-01-16T08:45:00,2020-01-16T09:00:00,20,43,18,21,143,52,0,0,0,12,56,14,0,3,0,2,5,3,0,0,0,2,7,1,0,5,0,0,0,1,0,0,0,0,1,1,385,195,215,201,2,4,0,4
52145,41229,2020-01-16,Yonge St / Front St E / Front St W,-79.3769743175951,43.6468847935012,2,13467239,29.0,2020-01-16T09:00:00,2020-01-16T09:15:00,28,43,15,22,144,53,0,0,0,11,78,17,0,1,1,3,14,2,0,0,0,3,6,4,0,0,0,0,1,2,0,0,0,0,1,1,302,153,170,183,0,2,0,3
52146,41229,2020-01-16,Yonge St / Front St E / Front St W,-79.3769743175951,43.6468847935012,2,13467239,29.0,2020-01-16T09:15:00,2020-01-16T09:30:00,25,39,31,25,136,43,0,0,0,10,60,23,0,4,2,1,7,3,0,0,0,3,8,5,0,0,0,0,0,1,0,0,0,0,1,2,201,140,116,171,3,1,0,4
52147,41229,2020-01-16,Yonge St / Front St E / Front St W,-79.3769743175951,43.6468847935012,2,13467239,29.0,2020-01-16T10:00:00,2020-01-16T10:15:00,13,53,14,13,131,40,0,0,0,13,66,17,0,7,3,3,16,4,0,0,0,4,10,0,0,0,1,0,1,0,0,0,0,0,1,0,80,69,57,64,1,1,0,4
52148,41229,2020-01-16,Yonge St / Front St E / Front St W,-79.3769743175951,43.6468847935012,2,13467239,29.0,2020-01-16T10:15:00,2020-01-16T10:30:00,34,53,11,14,139,38,0,0,0,9,70,29,4,5,1,4,13,4,0,0,0,1,7,4,0,1,0,0,0,1,0,0,0,0,0,1,70,70,47,79,1,1,0,1
52149,41229,2020-01-16,Yonge St / Front St E / Front St W,-79.3769743175951,43.6468847935012,2,13467239,29.0,2020-01-16T10:30:00,2020-01-16T10:45:00,29,51,9,24,136,35,0,0,0,20,50,22,2,7,0,1,15,6,0,0,0,1,11,1,0,0,1,0,0,0,0,0,0,0,0,1,60,74,46,52,2,1,0,0
52150,41229,2020-01-16,Yonge St / Front St E / Front St W,-79.3769743175951,43.6468847935012,2,13467239,29.0,2020-01-16T10:45:00,2020-01-16T11:00:00,28,41,11,25,141,45,0,0,0,20,57,19,3,4,1,2,23,6,0,0,0,3,6,1,0,1,0,0,0,1,0,0,0,0,1,1,72,84,56,63,3,0,0,4
52151,41229,2020-01-16,Yonge St / Front St E / Front St W,-79.3769743175951,43.6468847935012,2,13467239,29.0,2020-01-16T11:00:00,2020-01-16T11:15:00,25,69,11,18,150,31,0,0,0,19,69,19,3,7,3,4,6,3,0,0,0,3,8,5,0,1,1,1,0,0,0,0,0,0,0,0,73,50,43,54,2,2,0,1
52152,41229,2020-01-16,Yonge St / Front St E / Front St W,-79.3769743175951,43.6468847935012,2,13467239,29.0,2020-01-16T11:15:00,2020-01-16T11:30:00,20,60,12,19,132,33,0,0,0,12,82,25,2,10,2,2,9,4,0,0,0,10,14,4,0,0,0,0,0,1,0,0,0,0,1,0,74,67,46,78,2,3,0,4
52153,41229,2020-01-16,Yonge St / Front St E / Front St W,-79.3769743175951,43.6468847935012,2,13467239,29.0,2020-01-16T11:30:00,2020-01-16T11:45:00,18,57,7,22,146,33,0,0,0,22,59,23,3,10,1,5,15,5,0,0,0,5,6,1,0,0,1,0,0,1,0,0,0,0,0,1,106,109,90,69,7,5,0,4
52154,41229,2020-01-16,Yonge St / Front St E / Front St W,-79.3769743175951,43.6468847935012,2,13467239,29.0,2020-01-16T11:45:00,2020-01-16T12:00:00,21,64,10,15,111,30,0,0,0,11,69,27,0,13,1,3,12,2,0,0,0,4,10,2,0,0,0,0,0,1,0,0,0,0,2,1,113,126,72,76,3,5,1,2
52155,41229,2020-01-16,Yonge St / Front St E / Front St W,-79.3769743175951,43.6468847935012,2,13467239,29.0,2020-01-16T13:00:00,2020-01-16T13:15:00,25,69,10,14,115,30,0,0,0,19,71,17,0,13,1,3,12,1,0,0,0,5,4,0,0,0,1,1,0,0,0,0,0,0,1,0,129,175,112,106,3,2,0,2
52156,41229,2020-01-16,Yonge St / Front St E / Front St W,-79.3769743175951,43.6468847935012,2,13467239,29.0,2020-01-16T13:15:00,2020-01-16T13:30:00,27,77,16,17,119,26,0,0,0,13,51,16,1,8,0,2,8,1,0,0,0,4,6,1,0,0,1,0,0,1,0,0,0,0,0,1,138,73,77,70,1,4,0,4
52157,41229,2020-01-16,Yonge St / Front St E / Front St W,-79.3769743175951,43.6468847935012,2,13467239,29.0,2020-01-16T13:30:00,2020-01-16T13:45:00,30,83,10,15,94,23,0,0,0,23,67,25,1,6,2,2,6,3,0,0,0,0,2,2,0,0,0,0,0,0,0,0,0,0,1,1,109,120,92,66,5,1,0,3
52158,41229,2020-01-16,Yonge St / Front St E / Front St W,-79.3769743175951,43.6468847935012,2,13467239,29.0,2020-01-16T13:45:00,2020-01-16T14:00:00,28,87,15,11,125,22,0,0,0,24,63,12,1,8,0,0,9,3,0,0,0,0,5,1,0,0,0,0,0,1,0,0,0,0,0,1,113,83,88,77,1,2,0,1
52159,41229,2020-01-16,Yonge St / Front St E / Front St W,-79.3769743175951,43.6468847935012,2,13467239,29.0,2020-01-16T14:00:00,2020-01-16T14:15:00,30,96,8,18,100,28,0,0,0,19,63,19,2,12,1,2,6,0,0,0,0,2,7,5,0,0,1,2,0,0,0,0,0,0,1,0,103,88,66,70,3,1,0,3
52160,41229,2020-01-16,Yonge St / Front St E / Front St W,-79.3769743175951,43.6468847935012,2,13467239,29.0,2020-01-16T14:15:00,2020-01-16T14:30:00,24,96,9,15,98,32,0,0,0,16,78,19,4,7,1,0,10,9,0,0,0,1,3,1,0,0,0,0,0,1,0,0,0,0,0,1,104,104,80,93,4,1,0,2
52161,41229,2020-01-16,Yonge St / Front St E / Front St W,-79.3769743175951,43.6468847935012,2,13467239,29.0,2020-01-16T14:30:00,2020-01-16T14:45:00,25,92,5,14,134,41,0,0,0,16,44,12,1,15,0,0,9,6,0,0,0,1,4,2,0,0,1,1,0,0,0,0,0,0,1,1,44,78,69,81,0,2,0,0
52162,41229,2020-01-16,Yonge St / Front St E / Front St W,-79.3769743175951,43.6468847935012,2,13467239,29.0,2020-01-16T14:45:00,2020-01-16T15:00:00,38,80,18,15,89,35,0,0,0,13,52,22,2,13,1,0,11,0,0,0,0,1,4,1,1,0,0,0,4,1,0,0,0,0,0,1,104,161,48,74,0,1,0,2
52163,41229,2020-01-16,Yonge St / Front St E / Front St W,-79.3769743175951,43.6468847935012,2,13467239,29.0,2020-01-16T16:00:00,2020-01-16T16:15:00,22,90,7,19,97,42,0,0,0,14,76,11,0,5,0,0,4,2,0,0,0,0,5,1,0,1,1,0,0,0,0,0,0,0,0,1,226,255,112,158,1,3,1,3
52164,41229,2020-01-16,Yonge St / Front St E / Front St W,-79.3769743175951,43.6468847935012,2,13467239,29.0,2020-01-16T16:15:00,2020-01-16T16:30:00,26,41,7,10,92,46,0,0,0,8,91,11,1,3,1,1,4,2,0,0,0,0,6,2,0,1,0,0,0,1,0,0,0,0,1,0,260,310,132,208,2,2,0,5
52165,41229,2020-01-16,Yonge St / Front St E / Front St W,-79.3769743175951,43.6468847935012,2,13467239,29.0,2020-01-16T16:30:00,2020-01-16T16:45:00,39,50,17,18,86,57,0,0,0,6,60,12,1,3,0,0,3,1,0,0,0,3,4,0,0,0,0,0,2,1,0,0,0,0,1,2,320,290,124,204,1,2,2,2
52166,41229,2020-01-16,Yonge St / Front St E / Front St W,-79.3769743175951,43.6468847935012,2,13467239,29.0,2020-01-16T16:45:00,2020-01-16T17:00:00,45,48,13,20,98,53,0,0,0,9,61,12,2,4,0,4,3,1,0,0,0,1,6,0,0,1,0,0,1,0,0,0,0,0,0,0,370,330,159,252,0,1,0,6
52167,41229,2020-01-16,Yonge St / Front St E / Front St W,-79.3769743175951,43.6468847935012,2,13467239,29.0,2020-01-16T17:00:00,2020-01-16T17:15:00,38,47,20,26,86,40,0,0,0,13,85,9,2,2,2,2,1,2,0,0,0,1,6,2,1,1,0,1,0,1,0,0,0,0,1,1,388,362,230,300,3,0,2,4
52168,41229,2020-01-16,Yonge St / Front St E / Front St W,-79.3769743175951,43.6468847935012,2,13467239,29.0,2020-01-16T17:15:00,2020-01-16T17:30:00,39,75,9,22,89,36,0,0,0,8,99,24,0,3,1,0,2,5,0,0,0,1,5,2,1,0,0,0,1,1,0,0,0,0,1,1,311,375,234,342,4,0,1,4
52169,41229,2020-01-16,Yonge St / Front St E / Front St W,-79.3769743175951,43.6468847935012,2,13467239,29.0,2020-01-16T17:30:00,2020-01-16T17:45:00,39,44,11,23,85,35,0,0,0,18,92,24,2,4,1,0,4,2,0,0,0,1,5,0,1,0,0,0,1,0,0,0,0,0,1,1,227,340,248,260,4,2,1,10
52170,41229,2020-01-16,Yonge St / Front St E / Front St W,-79.3769743175951,43.6468847935012,2,13467239,29.0,2020-01-16T17:45:00,2020-01-16T18:00:00,35,63,19,33,86,39,0,0,0,18,90,18,1,2,0,0,6,5,0,0,0,2,9,1,1,0,0,0,1,0,0,0,0,0,2,0,390,339,148,246,2,1,0,3
