detector_id,begin,end,sim_count,centreline_id,direction,real_count,geh
det_13467132_n,27000.0,27900.0,12,13467132,n,6,2.0
det_13467132_s,27000.0,27900.0,51,13467132,s,17,5.830951894845301
det_13467132_w,27000.0,27900.0,11,13467132,w,76,9.855274566525745
det_13467037_n,27000.0,27900.0,6,13467037,n,8,0.7559289460184544
det_13467037_s,27000.0,27900.0,29,13467037,s,16,2.7406406388125952
det_13467037_e,27000.0,27900.0,0,13467037,e,175,18.708286933869708
det_13467239_n,27000.0,27900.0,6,13467239,n,90,12.12435565298214
det_13467239_s,27000.0,27900.0,56,13467239,s,185,11.751577981796345
det_13467239_w,27000.0,27900.0,0,13467239,w,83,12.884098726725126
det_13467327_n,27000.0,27900.0,17,13467327,n,8,2.545584412271571
det_13467327_e,27000.0,27900.0,4,13467327,e,20,4.618802153517006
det_13467327_w,27000.0,27900.0,94,13467327,w,32,7.81126577552403
det_13467080_n,27000.0,27900.0,10,13467080,n,117,13.427554229956593
det_13467080_s,27000.0,27900.0,27,13467080,s,153,13.281566172707194
det_13467080_e,27000.0,27900.0,3,13467080,e,176,18.286668221326472
det_14254942_n,27000.0,27900.0,0,14254942,n,69,11.74734012447073
det_14254942_s,27000.0,27900.0,3,14254942,s,27,6.196773353931867
det_14254942_w,27000.0,27900.0,18,14254942,w,85,9.336222391507677
det_13467425_n,27000.0,27900.0,38,13467425,n,70,4.354648431614539
det_13467425_s,27000.0,27900.0,114,13467425,s,215,7.87477987341305
det_13467425_e,27000.0,27900.0,17,13467425,e,14,0.762000762001143
det_13467160_n,27000.0,27900.0,8,13467160,n,31,5.208474357065141
det_13467160_s,27000.0,27900.0,4,13467160,s,5,0.4714045207910317
det_13467160_e,27000.0,27900.0,3,13467160,e,45,8.573214099741124
det_13467132_n,27900.0,28800.0,20,13467132,n,11,2.286002286003429
det_13467132_s,27900.0,28800.0,59,13467132,s,17,6.813299687492027
det_13467132_w,27900.0,28800.0,19,13467132,w,83,8.961792537779262
det_13467037_n,27900.0,28800.0,14,13467037,n,10,1.1547005383792515
det_13467037_s,27900.0,28800.0,36,13467037,s,15,4.158619680502032
det_13467037_e,27900.0,28800.0,0,13467037,e,209,20.445048300260872
det_13467239_n,27900.0,28800.0,11,13467239,n,91,11.202240672224079
det_13467239_s,27900.0,28800.0,64,13467239,s,201,11.9017994517081
det_13467239_w,27900.0,28800.0,0,13467239,w,93,13.638181696985855
det_13467327_n,27900.0,28800.0,28,13467327,n,12,3.5777087639996634
det_13467327_e,27900.0,28800.0,6,13467327,e,22,4.27617987059879
det_13467327_w,27900.0,28800.0,96,13467327,w,36,7.385489458759964
det_13467080_n,27900.0,28800.0,18,13467080,n,129,12.947302926139656
det_13467080_s,27900.0,28800.0,31,13467080,s,165,13.536044096999625
det_13467080_e,27900.0,28800.0,3,13467080,e,199,19.502728928115786
det_14254942_n,27900.0,28800.0,0,14254942,n,72,12.0
det_14254942_s,27900.0,28800.0,3,14254942,s,44,8.457654219322107
det_14254942_w,27900.0,28800.0,18,14254942,w,79,8.759089535136406
det_13467425_n,27900.0,28800.0,41,13467425,n,63,3.05085107923876
det_13467425_s,27900.0,28800.0,95,13467425,s,248,11.683134289314552
det_13467425_e,27900.0,28800.0,31,13467425,e,34,0.5262348115842176
det_13467160_n,27900.0,28800.0,12,13467160,n,27,3.3968311024337874
det_13467160_s,27900.0,28800.0,6,13467160,s,3,1.4142135623730951
det_13467160_e,27900.0,28800.0,3,13467160,e,49,9.021342216356466
det_13467132_n,28800.0,29700.0,18,13467132,n,13,1.270001270001905
det_13467132_s,28800.0,29700.0,56,13467132,s,13,7.320806164525238
det_13467132_w,28800.0,29700.0,18,13467132,w,82,9.050966799187808
det_13467037_n,28800.0,29700.0,14,13467037,n,14,0.0
det_13467037_s,28800.0,29700.0,38,13467037,s,14,4.706787243316417
det_13467037_e,28800.0,29700.0,0,13467037,e,238,21.817424229271428
det_13467239_n,28800.0,29700.0,6,13467239,n,97,12.680540860107442
det_13467239_s,28800.0,29700.0,65,13467239,s,205,12.049281521534185
det_13467239_w,28800.0,29700.0,0,13467239,w,68,11.661903789690601
det_13467327_n,28800.0,29700.0,26,13467327,n,12,3.2118202741878648
det_13467327_e,28800.0,29700.0,4,13467327,e,21,4.8083261120685235
det_13467327_w,28800.0,29700.0,92,13467327,w,31,7.778435899372727
det_13467080_n,28800.0,29700.0,14,13467080,n,134,13.949716649258313
det_13467080_s,28800.0,29700.0,33,13467080,s,154,12.513522097879463
det_13467080_e,28800.0,29700.0,4,13467080,e,234,21.08406543164886
det_14254942_n,28800.0,29700.0,0,14254942,n,100,14.142135623730951
det_14254942_s,28800.0,29700.0,4,14254942,s,44,8.16496580927726
det_14254942_w,28800.0,29700.0,16,14254942,w,65,7.699607172920184
det_13467425_n,28800.0,29700.0,40,13467425,n,66,3.5713746626659146
det_13467425_s,28800.0,29700.0,108,13467425,s,264,11.438474971665556
det_13467425_e,28800.0,29700.0,27,13467425,e,23,0.8
det_13467160_n,28800.0,29700.0,7,13467160,n,32,5.661385170722979
det_13467160_s,28800.0,29700.0,2,13467160,s,7,2.3570226039551585
det_13467160_e,28800.0,29700.0,1,13467160,e,51,9.805806756909202
det_13467132_n,29700.0,30600.0,8,13467132,n,9,0.3429971702850177
det_13467132_s,29700.0,30600.0,57,13467132,s,21,5.764613536983137
det_13467132_w,29700.0,30600.0,24,13467132,w,87,8.456566295696707
det_13467037_n,29700.0,30600.0,7,13467037,n,9,0.7071067811865476
det_13467037_s,29700.0,30600.0,36,13467037,s,30,1.044465935734187
det_13467037_e,29700.0,30600.0,0,13467037,e,225,21.213203435596427
det_13467239_n,29700.0,30600.0,11,13467239,n,89,11.030865786510141
det_13467239_s,29700.0,30600.0,69,13467239,s,215,12.25204783113166
det_13467239_w,29700.0,30600.0,0,13467239,w,90,13.416407864998739
det_13467327_n,29700.0,30600.0,25,13467327,n,21,0.8340576562282991
det_13467327_e,29700.0,30600.0,3,13467327,e,28,6.350006350009525
det_13467327_w,29700.0,30600.0,93,13467327,w,48,5.359422007578723
det_13467080_n,29700.0,30600.0,20,13467080,n,108,11.0
det_13467080_s,29700.0,30600.0,38,13467080,s,168,12.80928061613581
det_13467080_e,29700.0,30600.0,8,13467080,e,242,20.929596269398033
det_14254942_n,29700.0,30600.0,0,14254942,n,85,13.038404810405298
det_14254942_s,29700.0,30600.0,4,14254942,s,46,8.4
det_14254942_w,29700.0,30600.0,23,14254942,w,71,7.001519591898939
det_13467425_n,29700.0,30600.0,35,13467425,n,65,4.242640687119285
det_13467425_s,29700.0,30600.0,114,13467425,s,248,9.960141559712028
det_13467425_e,29700.0,30600.0,23,13467425,e,29,1.1766968108291043
det_13467160_n,29700.0,30600.0,13,13467160,n,37,4.8
det_13467160_s,29700.0,30600.0,9,13467160,s,6,1.0954451150103321
det_13467160_e,29700.0,30600.0,4,13467160,e,75,11.296913435295366
det_13467132_n,30600.0,31500.0,10,13467132,n,10,0.0
det_13467132_s,30600.0,31500.0,44,13467132,s,16,5.11207720338155
det_13467132_w,30600.0,31500.0,19,13467132,w,104,10.838804122076752
det_13467037_n,30600.0,31500.0,8,13467037,n,17,2.545584412271571
det_13467037_s,30600.0,31500.0,22,13467037,s,30,1.5689290811054724
det_13467037_e,30600.0,31500.0,0,13467037,e,207,20.346989949375804
det_13467239_n,30600.0,31500.0,7,13467239,n,73,10.435516278555651
det_13467239_s,30600.0,31500.0,57,13467239,s,264,16.33927668585187
det_13467239_w,30600.0,31500.0,0,13467239,w,91,13.490737563232042
det_13467327_n,30600.0,31500.0,25,13467327,n,15,2.23606797749979
det_13467327_e,30600.0,31500.0,2,13467327,e,29,6.858006858010287
det_13467327_w,30600.0,31500.0,90,13467327,w,32,7.426139036107966
det_13467080_n,30600.0,31500.0,16,13467080,n,119,12.536760760673802
det_13467080_s,30600.0,31500.0,35,13467080,s,171,13.400478183034387
det_13467080_e,30600.0,31500.0,4,13467080,e,223,20.556358545520226
det_14254942_n,30600.0,31500.0,0,14254942,n,75,12.24744871391589
det_14254942_s,30600.0,31500.0,5,14254942,s,44,7.879189847507244
det_14254942_w,30600.0,31500.0,17,14254942,w,76,8.652179786259843
det_13467425_n,30600.0,31500.0,31,13467425,n,58,4.047471120577652
det_13467425_s,30600.0,31500.0,75,13467425,s,308,16.837264403247232
det_13467425_e,30600.0,31500.0,31,13467425,e,20,2.1783245945486835
det_13467160_n,30600.0,31500.0,9,13467160,n,39,6.123724356957945
det_13467160_s,30600.0,31500.0,6,13467160,s,7,0.3922322702763681
det_13467160_e,30600.0,31500.0,4,13467160,e,68,10.666666666666666
det_13467132_n,31500.0,32400.0,12,13467132,n,11,0.29488391230979427
det_13467132_s,31500.0,32400.0,52,13467132,s,27,3.97778642087865
det_13467132_w,31500.0,32400.0,19,13467132,w,94,9.977851578566089
det_13467037_n,31500.0,32400.0,6,13467037,n,13,2.2710998958306754
det_13467037_s,31500.0,32400.0,38,13467037,s,30,1.3719886811400708
det_13467037_e,31500.0,32400.0,0,13467037,e,238,21.817424229271428
det_13467239_n,31500.0,32400.0,12,13467239,n,81,10.118650936473378
det_13467239_s,31500.0,32400.0,66,13467239,s,216,12.632278815997784
det_13467239_w,31500.0,32400.0,0,13467239,w,82,12.806248474865697
det_13467327_n,31500.0,32400.0,19,13467327,n,14,1.2309149097933274
det_13467327_e,31500.0,32400.0,2,13467327,e,38,8.049844718999243
det_13467327_w,31500.0,32400.0,94,13467327,w,44,6.01929265428846
det_13467080_n,31500.0,32400.0,10,13467080,n,103,12.37253595742195
det_13467080_s,31500.0,32400.0,33,13467080,s,155,12.58333920435728
det_13467080_e,31500.0,32400.0,3,13467080,e,229,20.98357321400686
det_14254942_n,31500.0,32400.0,0,14254942,n,79,12.569805089976535
det_14254942_s,31500.0,32400.0,4,14254942,s,45,8.283250865328128
det_14254942_w,31500.0,32400.0,21,14254942,w,81,8.40168050416806
det_13467425_n,31500.0,32400.0,36,13467425,n,56,2.9488391230979425
det_13467425_s,31500.0,32400.0,104,13467425,s,252,11.093068997138749
det_13467425_e,31500.0,32400.0,22,13467425,e,30,1.5689290811054724
det_13467160_n,31500.0,32400.0,9,13467160,n,28,4.4174102722651325
det_13467160_s,31500.0,32400.0,5,13467160,s,3,1.0
det_13467160_e,31500.0,32400.0,3,13467160,e,78,11.785113019775793
det_13467132_n,32400.0,33300.0,6,13467132,n,11,1.7149858514250884
det_13467132_s,32400.0,33300.0,37,13467132,s,24,2.3539293971054818
det_13467132_w,32400.0,33300.0,14,13467132,w,111,12.269637321453311
det_13467037_n,32400.0,33300.0,6,13467037,n,17,3.243723035407737
det_13467037_s,32400.0,33300.0,28,13467037,s,28,0.0
det_13467037_e,32400.0,33300.0,0,13467037,e,221,21.02379604162864
det_13467239_n,32400.0,33300.0,10,13467239,n,86,10.969655114602888
det_13467239_s,32400.0,33300.0,62,13467239,s,219,13.245290575141372
det_13467239_w,32400.0,33300.0,0,13467239,w,106,14.560219778561036
det_13467327_n,32400.0,33300.0,12,13467327,n,15,0.816496580927726
det_13467327_e,32400.0,33300.0,2,13467327,e,27,6.565321642986128
det_13467327_w,32400.0,33300.0,85,13467327,w,50,4.260064336151292
det_13467080_n,32400.0,33300.0,20,13467080,n,125,12.331624609808772
det_13467080_s,32400.0,33300.0,36,13467080,s,163,12.731869560773973
det_13467080_e,32400.0,33300.0,0,13467080,e,233,21.587033144922902
det_14254942_n,32400.0,33300.0,0,14254942,n,74,12.165525060596439
det_14254942_s,32400.0,33300.0,2,14254942,s,45,8.870222717825623
det_14254942_w,32400.0,33300.0,15,14254942,w,95,10.787197799411873
det_13467425_n,32400.0,33300.0,43,13467425,n,54,1.5795079489590238
det_13467425_s,32400.0,33300.0,91,13467425,s,266,13.098420799889595
det_13467425_e,32400.0,33300.0,25,13467425,e,26,0.19802950859533486
det_13467160_n,32400.0,33300.0,6,13467160,n,31,5.812381937190964
det_13467160_s,32400.0,33300.0,5,13467160,s,3,1.0
det_13467160_e,32400.0,33300.0,3,13467160,e,66,10.725832287560232
det_13467132_n,33300.0,34200.0,21,13467132,n,6,4.08248290463863
det_13467132_s,33300.0,34200.0,52,13467132,s,20,5.333333333333333
det_13467132_w,33300.0,34200.0,32,13467132,w,114,9.597374070082706
det_13467037_n,33300.0,34200.0,11,13467037,n,9,0.6324555320336759
det_13467037_s,33300.0,34200.0,42,13467037,s,22,3.5355339059327378
det_13467037_e,33300.0,34200.0,0,13467037,e,206,20.29778313018444
det_13467239_n,33300.0,34200.0,9,13467239,n,95,11.926054218842426
det_13467239_s,33300.0,34200.0,95,13467239,s,204,8.914682939193884
det_13467239_w,33300.0,34200.0,0,13467239,w,93,13.638181696985855
det_13467327_n,33300.0,34200.0,32,13467327,n,7,5.661385170722979
det_13467327_e,33300.0,34200.0,5,13467327,e,37,6.982972487551756
det_13467327_w,33300.0,34200.0,93,13467327,w,49,5.221839296052955
det_13467080_n,33300.0,34200.0,17,13467080,n,124,12.743514551353853
det_13467080_s,33300.0,34200.0,43,13467080,s,160,11.613225007459883
det_13467080_e,33300.0,34200.0,2,13467080,e,222,20.788046015507497
det_14254942_n,33300.0,34200.0,0,14254942,n,67,11.575836902790225
det_14254942_s,33300.0,34200.0,1,14254942,s,36,8.13733471206735
det_14254942_w,33300.0,34200.0,20,14254942,w,102,10.49902415449747
det_13467425_n,33300.0,34200.0,39,13467425,n,53,2.06418738616856
det_13467425_s,33300.0,34200.0,131,13467425,s,249,8.560619751298137
det_13467425_e,33300.0,34200.0,29,13467425,e,26,0.5720775535473553
det_13467160_n,33300.0,34200.0,9,13467160,n,28,4.4174102722651325
det_13467160_s,33300.0,34200.0,2,13467160,s,7,2.3570226039551585
det_13467160_e,33300.0,34200.0,3,13467160,e,51,9.237604307034012
det_13467132_n,36000.0,36900.0,10,13467132,n,12,0.6030226891555273
det_13467132_s,36000.0,36900.0,36,13467132,s,11,5.157106231293967
det_13467132_w,36000.0,36900.0,20,13467132,w,87,9.160051422130488
det_13467037_n,36000.0,36900.0,7,13467037,n,10,1.0289915108550531
det_13467037_s,36000.0,36900.0,26,13467037,s,15,2.429493573646624
det_13467037_e,36000.0,36900.0,0,13467037,e,128,16.0
det_13467239_n,36000.0,36900.0,4,13467239,n,80,11.727054597118984
det_13467239_s,36000.0,36900.0,60,13467239,s,184,11.226432509272298
det_13467239_w,36000.0,36900.0,0,13467239,w,96,13.856406460551018
det_13467327_n,36000.0,36900.0,20,13467327,n,6,3.882901373576604
det_13467327_e,36000.0,36900.0,1,13467327,e,24,6.505382386916237
det_13467327_w,36000.0,36900.0,86,13467327,w,33,6.870959469652942
det_13467080_n,36000.0,36900.0,8,13467080,n,106,12.98041709923743
det_13467080_s,36000.0,36900.0,25,13467080,s,149,13.294195431988657
det_13467080_e,36000.0,36900.0,1,13467080,e,121,15.364425591947517
det_14254942_n,36000.0,36900.0,0,14254942,n,60,10.954451150103322
det_14254942_s,36000.0,36900.0,5,14254942,s,44,7.879189847507244
det_14254942_w,36000.0,36900.0,16,14254942,w,84,9.616652224137047
det_13467425_n,36000.0,36900.0,40,13467425,n,67,3.6913640059331816
det_13467425_s,36000.0,36900.0,102,13467425,s,209,8.580618255481493
det_13467425_e,36000.0,36900.0,23,13467425,e,22,0.21081851067789195
det_13467160_n,36000.0,36900.0,7,13467160,n,24,4.318004318006477
det_13467160_s,36000.0,36900.0,5,13467160,s,6,0.4264014327112209
det_13467160_e,36000.0,36900.0,4,13467160,e,51,8.962548338908567
det_13467132_n,36900.0,37800.0,8,13467132,n,8,0.0
det_13467132_s,36900.0,37800.0,43,13467132,s,16,4.971102936650946
det_13467132_w,36900.0,37800.0,23,13467132,w,99,9.730802874900094
det_13467037_n,36900.0,37800.0,9,13467037,n,16,1.9798989873223332
det_13467037_s,36900.0,37800.0,23,13467037,s,17,1.3416407864998738
det_13467037_e,36900.0,37800.0,0,13467037,e,117,15.297058540778355
det_13467239_n,36900.0,37800.0,8,13467239,n,98,12.362450755382012
det_13467239_s,36900.0,37800.0,56,13467239,s,191,12.147874307977883
det_13467239_w,36900.0,37800.0,0,13467239,w,108,14.696938456699069
det_13467327_n,36900.0,37800.0,29,13467327,n,11,4.024922359499621
det_13467327_e,36900.0,37800.0,2,13467327,e,28,6.713171133426189
det_13467327_w,36900.0,37800.0,87,13467327,w,21,8.981462390204987
det_13467080_n,36900.0,37800.0,19,13467080,n,124,12.417560315770734
det_13467080_s,36900.0,37800.0,24,13467080,s,163,14.375037781861533
det_13467080_e,36900.0,37800.0,7,13467080,e,130,14.861403495922353
det_14254942_n,36900.0,37800.0,0,14254942,n,48,9.797958971132712
det_14254942_s,36900.0,37800.0,1,14254942,s,40,8.61365903383803
det_14254942_w,36900.0,37800.0,12,14254942,w,84,10.392304845413264
det_13467425_n,36900.0,37800.0,40,13467425,n,66,3.5713746626659146
det_13467425_s,36900.0,37800.0,105,13467425,s,203,7.897065047448727
det_13467425_e,36900.0,37800.0,19,13467425,e,20,0.22645540682891915
det_13467160_n,36900.0,37800.0,4,13467160,n,28,6.0
det_13467160_s,36900.0,37800.0,2,13467160,s,7,2.3570226039551585
det_13467160_e,36900.0,37800.0,1,13467160,e,50,9.703445921171408
det_13467132_n,37800.0,38700.0,16,13467132,n,18,0.48507125007266594
det_13467132_s,37800.0,38700.0,55,13467132,s,15,6.761234037828133
det_13467132_w,37800.0,38700.0,20,13467132,w,77,8.184723008242214
det_13467037_n,37800.0,38700.0,10,13467037,n,21,2.794002794004191
det_13467037_s,37800.0,38700.0,38,13467037,s,13,4.950737714883371
det_13467037_e,37800.0,38700.0,0,13467037,e,151,17.378147196982766
det_13467239_n,37800.0,38700.0,6,13467239,n,89,12.042905751826193
det_13467239_s,37800.0,38700.0,60,13467239,s,195,11.955800954791286
det_13467239_w,37800.0,38700.0,0,13467239,w,92,13.564659966250536
det_13467327_n,37800.0,38700.0,26,13467327,n,10,3.7712361663282534
det_13467327_e,37800.0,38700.0,7,13467327,e,35,6.110100926607787
det_13467327_w,37800.0,38700.0,92,13467327,w,35,7.152996178575007
det_13467080_n,37800.0,38700.0,16,13467080,n,102,11.196246344350852
det_13467080_s,37800.0,38700.0,31,13467080,s,162,13.335448882253335
det_13467080_e,37800.0,38700.0,3,13467080,e,145,16.50716470162234
det_14254942_n,37800.0,38700.0,0,14254942,n,67,11.575836902790225
det_14254942_s,37800.0,38700.0,3,14254942,s,28,6.350006350009525
det_14254942_w,37800.0,38700.0,20,14254942,w,82,8.681736520973661
det_13467425_n,37800.0,38700.0,38,13467425,n,73,4.69809238649817
det_13467425_s,37800.0,38700.0,109,13467425,s,219,8.589556903873333
det_13467425_e,37800.0,38700.0,22,13467425,e,22,0.0
det_13467160_n,37800.0,38700.0,13,13467160,n,39,5.0990195135927845
det_13467160_s,37800.0,38700.0,4,13467160,s,3,0.5345224838248488
det_13467160_e,37800.0,38700.0,4,13467160,e,43,8.045085720818589
det_13467132_n,38700.0,39600.0,16,13467132,n,7,2.6539552107881486
det_13467132_s,38700.0,39600.0,52,13467132,s,15,6.3926263493020645
det_13467132_w,38700.0,39600.0,13,13467132,w,95,11.158786606012256
det_13467037_n,38700.0,39600.0,12,13467037,n,7,1.6222142113076254
det_13467037_s,38700.0,39600.0,38,13467037,s,19,3.559026084010437
det_13467037_e,38700.0,39600.0,0,13467037,e,136,16.492422502470642
det_13467239_n,38700.0,39600.0,10,13467239,n,80,10.434983894999018
det_13467239_s,38700.0,39600.0,49,13467239,s,211,14.208339912773873
det_13467239_w,38700.0,39600.0,0,13467239,w,96,13.856406460551018
det_13467327_n,38700.0,39600.0,21,13467327,n,8,3.4139672543527864
det_13467327_e,38700.0,39600.0,3,13467327,e,31,6.790997501017324
det_13467327_w,38700.0,39600.0,95,13467327,w,32,7.905943144740798
det_13467080_n,38700.0,39600.0,17,13467080,n,99,10.767127494497249
det_13467080_s,38700.0,39600.0,29,13467080,s,164,13.742638161100764
det_13467080_e,38700.0,39600.0,4,13467080,e,138,15.902874219797635
det_14254942_n,38700.0,39600.0,0,14254942,n,56,10.583005244258363
det_14254942_s,38700.0,39600.0,7,14254942,s,35,6.110100926607787
det_14254942_w,38700.0,39600.0,13,14254942,w,94,11.074092017799545
det_13467425_n,38700.0,39600.0,40,13467425,n,64,3.328201177351375
det_13467425_s,38700.0,39600.0,85,13467425,s,223,11.120356903550249
det_13467425_e,38700.0,39600.0,22,13467425,e,28,1.2
det_13467160_n,38700.0,39600.0,9,13467160,n,25,3.8805700005813275
det_13467160_s,38700.0,39600.0,8,13467160,s,10,0.6666666666666666
det_13467160_e,38700.0,39600.0,4,13467160,e,50,8.852704127574262
det_13467132_n,39600.0,40500.0,16,13467132,n,17,0.24618298195866548
det_13467132_s,39600.0,40500.0,57,13467132,s,12,7.661308776828737
det_13467132_w,39600.0,40500.0,15,13467132,w,94,10.701110291361822
det_13467037_n,39600.0,40500.0,9,13467037,n,9,0.0
det_13467037_s,39600.0,40500.0,34,13467037,s,21,2.47900273203854
det_13467037_e,39600.0,40500.0,0,13467037,e,145,17.029386365926403
det_13467239_n,39600.0,40500.0,10,13467239,n,105,12.528228994519953
det_13467239_s,39600.0,40500.0,56,13467239,s,199,12.664292863223363
det_13467239_w,39600.0,40500.0,0,13467239,w,107,14.628738838327793
det_13467327_n,39600.0,40500.0,27,13467327,n,5,5.5
det_13467327_e,39600.0,40500.0,2,13467327,e,22,5.773502691896258
det_13467327_w,39600.0,40500.0,94,13467327,w,25,8.945211385019869
det_13467080_n,39600.0,40500.0,14,13467080,n,121,13.02362525623395
det_13467080_s,39600.0,40500.0,31,13467080,s,168,13.734378975008143
det_13467080_e,39600.0,40500.0,7,13467080,e,141,15.577183591671783
det_14254942_n,39600.0,40500.0,0,14254942,n,81,12.727922061357855
det_14254942_s,39600.0,40500.0,1,14254942,s,25,6.65640235470275
det_14254942_w,39600.0,40500.0,17,14254942,w,89,9.88996060430561
det_13467425_n,39600.0,40500.0,45,13467425,n,84,4.856067889644584
det_13467425_s,39600.0,40500.0,80,13467425,s,214,11.052133724487122
det_13467425_e,39600.0,40500.0,22,13467425,e,21,0.21566554640687682
det_13467160_n,39600.0,40500.0,6,13467160,n,35,6.4050285123411
det_13467160_s,39600.0,40500.0,4,13467160,s,5,0.4714045207910317
det_13467160_e,39600.0,40500.0,1,13467160,e,41,8.728715609439694
det_13467132_n,40500.0,41400.0,14,13467132,n,18,1.0
det_13467132_s,40500.0,41400.0,57,13467132,s,14,7.216959681351526
det_13467132_w,40500.0,41400.0,19,13467132,w,107,11.086957874937331
det_13467037_n,40500.0,41400.0,8,13467037,n,14,1.8090680674665818
det_13467037_s,40500.0,41400.0,37,13467037,s,19,3.401680257083045
det_13467037_e,40500.0,41400.0,0,13467037,e,131,16.186414056238647
det_13467239_n,40500.0,41400.0,11,13467239,n,92,11.287074831524206
det_13467239_s,40500.0,41400.0,53,13467239,s,184,12.034058558975184
det_13467239_w,40500.0,41400.0,0,13467239,w,119,15.427248620541512
det_13467327_n,40500.0,41400.0,21,13467327,n,13,1.9402850002906638
det_13467327_e,40500.0,41400.0,6,13467327,e,18,3.4641016151377544
det_13467327_w,40500.0,41400.0,93,13467327,w,17,10.24783790944128
det_13467080_n,40500.0,41400.0,14,13467080,n,109,12.113957548203427
det_13467080_s,40500.0,41400.0,21,13467080,s,162,14.740376132398731
det_13467080_e,40500.0,41400.0,4,13467080,e,125,15.066261914025507
det_14254942_n,40500.0,41400.0,0,14254942,n,63,11.224972160321824
det_14254942_s,40500.0,41400.0,6,14254942,s,25,4.826004826007239
det_14254942_w,40500.0,41400.0,21,14254942,w,115,11.39917437670765
det_13467425_n,40500.0,41400.0,31,13467425,n,71,5.601120336112039
det_13467425_s,40500.0,41400.0,99,13467425,s,202,8.39593320317399
det_13467425_e,40500.0,41400.0,21,13467425,e,21,0.0
det_13467160_n,40500.0,41400.0,15,13467160,n,23,1.8353258709644942
det_13467160_s,40500.0,41400.0,8,13467160,s,3,2.1320071635561044
det_13467160_e,40500.0,41400.0,7,13467160,e,35,6.110100926607787
det_13467132_n,41400.0,42300.0,14,13467132,n,22,1.8856180831641267
det_13467132_s,41400.0,42300.0,44,13467132,s,12,6.047431568147635
det_13467132_w,41400.0,42300.0,27,13467132,w,90,8.23687767580373
det_13467037_n,41400.0,42300.0,15,13467037,n,15,0.0
det_13467037_s,41400.0,42300.0,28,13467037,s,12,3.5777087639996634
det_13467037_e,41400.0,42300.0,0,13467037,e,128,16.0
det_13467239_n,41400.0,42300.0,9,13467239,n,82,10.822240023252077
det_13467239_s,41400.0,42300.0,74,13467239,s,201,10.83059639086501
det_13467239_w,41400.0,42300.0,0,13467239,w,104,14.422205101855956
det_13467327_n,41400.0,42300.0,32,13467327,n,10,4.800793585191832
det_13467327_e,41400.0,42300.0,5,13467327,e,28,5.662208585049306
det_13467327_w,41400.0,42300.0,90,13467327,w,37,6.651031534464481
det_13467080_n,41400.0,42300.0,15,13467080,n,93,10.614455552060438
det_13467080_s,41400.0,42300.0,30,13467080,s,167,13.803920578960668
det_13467080_e,41400.0,42300.0,4,13467080,e,126,15.132237619883432
det_14254942_n,41400.0,42300.0,0,14254942,n,80,12.649110640673518
det_14254942_s,41400.0,42300.0,2,14254942,s,34,7.542472332656507
det_14254942_w,41400.0,42300.0,14,14254942,w,90,10.539303728279354
det_13467425_n,41400.0,42300.0,65,13467425,n,78,1.5374122295716148
det_13467425_s,41400.0,42300.0,115,13467425,s,221,8.17807754799087
det_13467425_e,41400.0,42300.0,30,13467425,e,18,2.449489742783178
det_13467160_n,41400.0,42300.0,7,13467160,n,40,6.807380225308036
det_13467160_s,41400.0,42300.0,5,13467160,s,2,1.6035674514745464
det_13467160_e,41400.0,42300.0,5,13467160,e,29,5.820855000871991
det_13467132_n,42300.0,43200.0,8,13467132,n,17,2.545584412271571
det_13467132_s,42300.0,43200.0,51,13467132,s,15,6.2667956144051224
det_13467132_w,42300.0,43200.0,21,13467132,w,103,10.414010414015621
det_13467037_n,42300.0,43200.0,7,13467037,n,10,1.0289915108550531
det_13467037_s,42300.0,43200.0,34,13467037,s,12,4.587317109255645
det_13467037_e,42300.0,43200.0,0,13467037,e,124,15.748015748023622
det_13467239_n,42300.0,43200.0,12,13467239,n,95,11.34752638860941
det_13467239_s,42300.0,43200.0,56,13467239,s,156,9.712858623572641
det_13467239_w,42300.0,43200.0,0,13467239,w,107,14.628738838327793
det_13467327_n,42300.0,43200.0,27,13467327,n,7,4.85071250072666
det_13467327_e,42300.0,43200.0,1,13467327,e,31,7.5
det_13467327_w,42300.0,43200.0,91,13467327,w,29,8.004165582161995
det_13467080_n,42300.0,43200.0,13,13467080,n,112,12.522619534266783
det_13467080_s,42300.0,43200.0,29,13467080,s,136,11.780312286852059
det_13467080_e,42300.0,43200.0,1,13467080,e,111,14.699368305183341
det_14254942_n,42300.0,43200.0,0,14254942,n,73,12.083045973594572
det_14254942_s,42300.0,43200.0,1,14254942,s,26,6.804138174397717
det_14254942_w,42300.0,43200.0,8,14254942,w,121,14.070145423842002
det_13467425_n,42300.0,43200.0,55,13467425,n,75,2.4806946917841692
det_13467425_s,42300.0,43200.0,89,13467425,s,181,7.918099285579608
det_13467425_e,42300.0,43200.0,24,13467425,e,21,0.6324555320336759
det_13467160_n,42300.0,43200.0,3,13467160,n,31,6.790997501017324
det_13467160_s,42300.0,43200.0,2,13467160,s,5,1.6035674514745464
det_13467160_e,42300.0,43200.0,0,13467160,e,41,9.055385138137417
det_13467132_n,46800.0,47700.0,12,13467132,n,8,1.2649110640673518
det_13467132_s,46800.0,47700.0,57,13467132,s,12,7.661308776828737
det_13467132_w,46800.0,47700.0,11,13467132,w,94,11.45508828508308
det_13467037_n,46800.0,47700.0,12,13467037,n,5,2.400980191995124
det_13467037_s,46800.0,47700.0,33,13467037,s,12,4.427188724235731
det_13467037_e,46800.0,47700.0,0,13467037,e,123,15.684387141358123
det_13467239_n,46800.0,47700.0,12,13467239,n,104,12.080191823094475
det_13467239_s,46800.0,47700.0,47,13467239,s,159,11.035687915440084
det_13467239_w,46800.0,47700.0,0,13467239,w,107,14.628738838327793
det_13467327_n,46800.0,47700.0,20,13467327,n,10,2.581988897471611
det_13467327_e,46800.0,47700.0,7,13467327,e,33,5.813776741499453
det_13467327_w,46800.0,47700.0,98,13467327,w,21,9.982337342703332
det_13467080_n,46800.0,47700.0,12,13467080,n,116,13.0
det_13467080_s,46800.0,47700.0,27,13467080,s,129,11.549225748274877
det_13467080_e,46800.0,47700.0,1,13467080,e,129,15.876446027418682
det_14254942_n,46800.0,47700.0,0,14254942,n,81,12.727922061357855
det_14254942_s,46800.0,47700.0,1,14254942,s,24,6.505382386916237
det_14254942_w,46800.0,47700.0,16,14254942,w,85,9.709646117278028
det_13467425_n,46800.0,47700.0,45,13467425,n,89,5.37545555167743
det_13467425_s,46800.0,47700.0,83,13467425,s,176,8.17237081804569
det_13467425_e,46800.0,47700.0,33,13467425,e,29,0.7184212081070996
det_13467160_n,46800.0,47700.0,10,13467160,n,38,5.715476066494082
det_13467160_s,46800.0,47700.0,2,13467160,s,7,2.3570226039551585
det_13467160_e,46800.0,47700.0,1,13467160,e,45,9.17463421851129
det_13467132_n,47700.0,48600.0,9,13467132,n,12,0.9258200997725514
det_13467132_s,47700.0,48600.0,51,13467132,s,12,6.948792289723034
det_13467132_w,47700.0,48600.0,15,13467132,w,82,9.620639325477692
det_13467037_n,47700.0,48600.0,11,13467037,n,8,0.9733285267845752
det_13467037_s,47700.0,48600.0,36,13467037,s,11,5.157106231293967
det_13467037_e,47700.0,48600.0,0,13467037,e,118,15.362291495737216
det_13467239_n,47700.0,48600.0,13,13467239,n,120,13.121181864978269
det_13467239_s,47700.0,48600.0,42,13467239,s,162,11.881770515720092
det_13467239_w,47700.0,48600.0,0,13467239,w,80,12.649110640673518
det_13467327_n,47700.0,48600.0,18,13467327,n,15,0.7385489458759964
det_13467327_e,47700.0,48600.0,1,13467327,e,17,5.333333333333333
det_13467327_w,47700.0,48600.0,94,13467327,w,20,9.801539442281324
det_13467080_n,47700.0,48600.0,14,13467080,n,129,13.6001851077489
det_13467080_s,47700.0,48600.0,19,13467080,s,134,13.148224860925676
det_13467080_e,47700.0,48600.0,2,13467080,e,118,14.975535605335345
det_14254942_n,47700.0,48600.0,0,14254942,n,71,11.916375287812984
det_14254942_s,47700.0,48600.0,1,14254942,s,34,7.888508821606998
det_14254942_w,47700.0,48600.0,18,14254942,w,81,8.954430086935638
det_13467425_n,47700.0,48600.0,42,13467425,n,94,6.305926250944657
det_13467425_s,47700.0,48600.0,87,13467425,s,170,7.321946117094432
det_13467425_e,47700.0,48600.0,21,13467425,e,18,0.6793662204867574
det_13467160_n,47700.0,48600.0,5,13467160,n,30,5.976143046671968
det_13467160_s,47700.0,48600.0,4,13467160,s,8,1.632993161855452
det_13467160_e,47700.0,48600.0,1,13467160,e,24,6.505382386916237
det_13467132_n,48600.0,49500.0,9,13467132,n,14,1.4744195615489712
det_13467132_s,48600.0,49500.0,54,13467132,s,8,8.261843893231646
det_13467132_w,48600.0,49500.0,16,13467132,w,83,9.5229653305506
det_13467037_n,48600.0,49500.0,7,13467037,n,5,0.816496580927726
det_13467037_s,48600.0,49500.0,31,13467037,s,10,4.638124095143555
det_13467037_e,48600.0,49500.0,0,13467037,e,127,15.937377450509228
det_13467239_n,48600.0,49500.0,7,13467239,n,123,14.388029212348181
det_13467239_s,48600.0,49500.0,48,13467239,s,132,8.854377448471462
det_13467239_w,48600.0,49500.0,0,13467239,w,115,15.165750888103101
det_13467327_n,48600.0,49500.0,19,13467327,n,9,2.6726124191242437
det_13467327_e,48600.0,49500.0,1,13467327,e,20,5.863527298559492
det_13467327_w,48600.0,49500.0,94,13467327,w,33,7.654960822685534
det_13467080_n,48600.0,49500.0,14,13467080,n,134,13.949716649258313
det_13467080_s,48600.0,49500.0,26,13467080,s,123,11.238118259451749
det_13467080_e,48600.0,49500.0,3,13467080,e,114,14.512594000225619
det_14254942_n,48600.0,49500.0,0,14254942,n,69,11.74734012447073
det_14254942_s,48600.0,49500.0,4,14254942,s,42,7.9235477341688405
det_14254942_w,48600.0,49500.0,21,14254942,w,92,9.445699494375898
det_13467425_n,48600.0,49500.0,56,13467425,n,106,5.555555555555555
det_13467425_s,48600.0,49500.0,76,13467425,s,157,7.504505084715687
det_13467425_e,48600.0,49500.0,20,13467425,e,14,1.4552137502179978
det_13467160_n,48600.0,49500.0,6,13467160,n,28,5.335783750799325
det_13467160_s,48600.0,49500.0,4,13467160,s,19,4.423258684646914
det_13467160_e,48600.0,49500.0,2,13467160,e,26,6.4142698058981855
det_13467132_n,49500.0,50400.0,15,13467132,n,10,1.4142135623730951
det_13467132_s,49500.0,50400.0,54,13467132,s,12,7.311261550139309
det_13467132_w,49500.0,50400.0,19,13467132,w,83,8.961792537779262
det_13467037_n,49500.0,50400.0,14,13467037,n,13,0.2721655269759087
det_13467037_s,49500.0,50400.0,41,13467037,s,5,7.5065189060546915
det_13467037_e,49500.0,50400.0,0,13467037,e,107,14.628738838327793
det_13467239_n,49500.0,50400.0,4,13467239,n,130,15.393349988894458
det_13467239_s,49500.0,50400.0,49,13467239,s,158,10.714115480589191
det_13467239_w,49500.0,50400.0,0,13467239,w,99,14.071247279470288
det_13467327_n,49500.0,50400.0,21,13467327,n,6,4.08248290463863
det_13467327_e,49500.0,50400.0,3,13467327,e,17,4.427188724235731
det_13467327_w,49500.0,50400.0,92,13467327,w,26,8.592468124734376
det_13467080_n,49500.0,50400.0,9,13467080,n,150,15.813774745395648
det_13467080_s,49500.0,50400.0,25,13467080,s,132,12.076718666838348
det_13467080_e,49500.0,50400.0,8,13467080,e,105,12.904688041612143
det_14254942_n,49500.0,50400.0,0,14254942,n,69,11.74734012447073
det_14254942_s,49500.0,50400.0,2,14254942,s,29,6.858006858010287
det_14254942_w,49500.0,50400.0,15,14254942,w,91,10.439402860100365
det_13467425_n,49500.0,50400.0,68,13467425,n,112,4.638007234913623
det_13467425_s,49500.0,50400.0,78,13467425,s,174,8.55235974119758
det_13467425_e,49500.0,50400.0,22,13467425,e,21,0.21566554640687682
det_13467160_n,49500.0,50400.0,6,13467160,n,36,6.546536707079771
det_13467160_s,49500.0,50400.0,3,13467160,s,16,4.217756949399826
det_13467160_e,49500.0,50400.0,2,13467160,e,24,6.10170215847752
det_13467132_n,50400.0,51300.0,12,13467132,n,15,0.816496580927726
det_13467132_s,50400.0,51300.0,52,13467132,s,8,8.033264176742437
det_13467132_w,50400.0,51300.0,19,13467132,w,97,10.24190176305836
det_13467037_n,50400.0,51300.0,10,13467037,n,14,1.1547005383792515
det_13467037_s,50400.0,51300.0,29,13467037,s,14,3.2349831961031525
det_13467037_e,50400.0,51300.0,0,13467037,e,122,15.620499351813308
det_13467239_n,50400.0,51300.0,13,13467239,n,134,14.113726613179265
det_13467239_s,50400.0,51300.0,48,13467239,s,146,9.950392418309466
det_13467239_w,50400.0,51300.0,0,13467239,w,101,14.212670403551895
det_13467327_n,50400.0,51300.0,22,13467327,n,9,3.302003302004953
det_13467327_e,50400.0,51300.0,4,13467327,e,31,6.454234490405725
det_13467327_w,50400.0,51300.0,92,13467327,w,23,9.09945053286186
det_13467080_n,50400.0,51300.0,13,13467080,n,138,14.3858834412109
det_13467080_s,50400.0,51300.0,27,13467080,s,122,11.006404480906353
det_13467080_e,50400.0,51300.0,5,13467080,e,133,15.409389194978457
det_14254942_n,50400.0,51300.0,0,14254942,n,85,13.038404810405298
det_14254942_s,50400.0,51300.0,5,14254942,s,29,5.820855000871991
det_14254942_w,50400.0,51300.0,21,14254942,w,98,9.982337342703332
det_13467425_n,50400.0,51300.0,57,13467425,n,119,6.609222207023923
det_13467425_s,50400.0,51300.0,67,13467425,s,162,8.878116956803957
det_13467425_e,50400.0,51300.0,24,13467425,e,32,1.5118578920369088
det_13467160_n,50400.0,51300.0,10,13467160,n,31,4.638124095143555
det_13467160_s,50400.0,51300.0,7,13467160,s,8,0.3651483716701107
det_13467160_e,50400.0,51300.0,5,13467160,e,28,5.662208585049306
det_13467132_n,51300.0,52200.0,13,13467132,n,14,0.2721655269759087
det_13467132_s,51300.0,52200.0,51,13467132,s,19,5.408987230262506
det_13467132_w,51300.0,52200.0,13,13467132,w,99,11.492233402234248
det_13467037_n,51300.0,52200.0,12,13467037,n,21,2.215646837627989
det_13467037_s,51300.0,52200.0,27,13467037,s,13,3.1304951684997055
det_13467037_e,51300.0,52200.0,0,13467037,e,117,15.297058540778355
det_13467239_n,51300.0,52200.0,6,13467239,n,129,14.97108323847454
det_13467239_s,51300.0,52200.0,40,13467239,s,145,10.917380143110764
det_13467239_w,51300.0,52200.0,0,13467239,w,113,15.033296378372908
det_13467327_n,51300.0,52200.0,25,13467327,n,11,3.2998316455372216
det_13467327_e,51300.0,52200.0,5,13467327,e,22,4.626813958590447
det_13467327_w,51300.0,52200.0,93,13467327,w,26,8.685929895599003
det_13467080_n,51300.0,52200.0,10,13467080,n,148,15.526213032779129
det_13467080_s,51300.0,52200.0,23,13467080,s,118,11.31433534933286
det_13467080_e,51300.0,52200.0,4,13467080,e,126,15.132237619883432
det_14254942_n,51300.0,52200.0,0,14254942,n,84,12.96148139681572
det_14254942_s,51300.0,52200.0,3,14254942,s,45,8.573214099741124
det_14254942_w,51300.0,52200.0,18,14254942,w,104,11.011171674229054
det_13467425_n,51300.0,52200.0,61,13467425,n,112,5.483553971818798
det_13467425_s,51300.0,52200.0,84,13467425,s,165,7.259393582161177
det_13467425_e,51300.0,52200.0,20,13467425,e,26,1.2510864843424485
det_13467160_n,51300.0,52200.0,9,13467160,n,36,5.692099788303083
det_13467160_s,51300.0,52200.0,5,13467160,s,5,0.0
det_13467160_e,51300.0,52200.0,2,13467160,e,31,7.139306476801298
det_13467132_n,52200.0,53100.0,11,13467132,n,18,1.8382900600361158
det_13467132_s,52200.0,53100.0,58,13467132,s,16,6.904757466825006
det_13467132_w,52200.0,53100.0,13,13467132,w,73,9.14991421995628
det_13467037_n,52200.0,53100.0,12,13467037,n,21,2.215646837627989
det_13467037_s,52200.0,53100.0,38,13467037,s,14,4.706787243316417
det_13467037_e,52200.0,53100.0,0,13467037,e,124,15.748015748023622
det_13467239_n,52200.0,53100.0,10,13467239,n,122,13.786246989685266
det_13467239_s,52200.0,53100.0,48,13467239,s,189,12.952688983324434
det_13467239_w,52200.0,53100.0,0,13467239,w,72,12.0
det_13467327_n,52200.0,53100.0,19,13467327,n,13,1.5
det_13467327_e,52200.0,53100.0,2,13467327,e,29,6.858006858010287
det_13467327_w,52200.0,53100.0,92,13467327,w,31,7.778435899372727
det_13467080_n,52200.0,53100.0,11,13467080,n,129,14.103697590145845
det_13467080_s,52200.0,53100.0,23,13467080,s,144,13.241650854982904
det_13467080_e,52200.0,53100.0,4,13467080,e,135,15.713715770286559
det_14254942_n,52200.0,53100.0,0,14254942,n,84,12.96148139681572
det_14254942_s,52200.0,53100.0,4,14254942,s,33,6.742363047141518
det_14254942_w,52200.0,53100.0,14,14254942,w,79,9.532062476387964
det_13467425_n,52200.0,53100.0,59,13467425,n,106,5.174529696093895
det_13467425_s,52200.0,53100.0,65,13467425,s,202,11.857139633976884
det_13467425_e,52200.0,53100.0,28,13467425,e,38,1.7407765595569784
det_13467160_n,52200.0,53100.0,5,13467160,n,41,7.5065189060546915
det_13467160_s,52200.0,53100.0,4,13467160,s,22,4.9923017660270625
det_13467160_e,52200.0,53100.0,3,13467160,e,36,7.473028425354332
det_13467132_n,53100.0,54000.0,9,13467132,n,17,2.2188007849009166
det_13467132_s,53100.0,54000.0,49,13467132,s,16,5.788582927426393
det_13467132_w,53100.0,54000.0,16,13467132,w,82,9.428571428571429
det_13467037_n,53100.0,54000.0,7,13467037,n,13,1.8973665961010275
det_13467037_s,53100.0,54000.0,24,13467037,s,14,2.2941573387056176
det_13467037_e,53100.0,54000.0,0,13467037,e,136,16.492422502470642
det_13467239_n,53100.0,54000.0,14,13467239,n,136,14.087346568226868
det_13467239_s,53100.0,54000.0,54,13467239,s,139,8.65277217550789
det_13467239_w,53100.0,54000.0,0,13467239,w,87,13.19090595827292
det_13467327_n,53100.0,54000.0,17,13467327,n,6,3.243723035407737
det_13467327_e,53100.0,54000.0,2,13467327,e,31,7.139306476801298
det_13467327_w,53100.0,54000.0,89,13467327,w,26,8.308193964786916
det_13467080_n,53100.0,54000.0,17,13467080,n,152,14.68606391695137
det_13467080_s,53100.0,54000.0,34,13467080,s,112,9.129209481298185
det_13467080_e,53100.0,54000.0,3,13467080,e,142,16.32472210250876
det_14254942_n,53100.0,54000.0,0,14254942,n,84,12.96148139681572
det_14254942_s,53100.0,54000.0,3,14254942,s,38,7.730206825239258
det_14254942_w,53100.0,54000.0,19,14254942,w,95,10.066445913694333
det_13467425_n,53100.0,54000.0,50,13467425,n,96,5.383892771022006
det_13467425_s,53100.0,54000.0,93,13467425,s,149,5.090909090909091
det_13467425_e,53100.0,54000.0,23,13467425,e,32,1.7162326606420661
det_13467160_n,53100.0,54000.0,7,13467160,n,38,6.535373831014651
det_13467160_s,53100.0,54000.0,4,13467160,s,17,4.011887099014389
det_13467160_e,53100.0,54000.0,2,13467160,e,37,7.92593923901217
det_13467132_n,57600.0,58500.0,8,13467132,n,21,3.4139672543527864
det_13467132_s,57600.0,58500.0,43,13467132,s,31,1.9727878476642875
det_13467132_w,57600.0,58500.0,11,13467132,w,93,11.371354022617197
det_13467037_n,57600.0,58500.0,5,13467037,n,23,4.810702354423639
det_13467037_s,57600.0,58500.0,30,13467037,s,17,2.681695240272863
det_13467037_e,57600.0,58500.0,0,13467037,e,160,17.88854381999832
det_13467239_n,57600.0,58500.0,10,13467239,n,119,13.57208717875025
det_13467239_s,57600.0,58500.0,54,13467239,s,158,10.101372968515548
det_13467239_w,57600.0,58500.0,0,13467239,w,101,14.212670403551895
det_13467327_n,57600.0,58500.0,17,13467327,n,18,0.23904572186687872
det_13467327_e,57600.0,58500.0,1,13467327,e,32,7.63167244071863
det_13467327_w,57600.0,58500.0,94,13467327,w,35,7.346359115103346
det_13467080_n,57600.0,58500.0,14,13467080,n,117,12.72672250223344
det_13467080_s,57600.0,58500.0,32,13467080,s,105,8.820182562620584
det_13467080_e,57600.0,58500.0,2,13467080,e,162,17.669044171975447
det_14254942_n,57600.0,58500.0,0,14254942,n,92,13.564659966250536
det_14254942_s,57600.0,58500.0,4,14254942,s,54,9.284766908852593
det_14254942_w,57600.0,58500.0,14,14254942,w,110,12.192012192018288
det_13467425_n,57600.0,58500.0,49,13467425,n,102,6.099614579073422
det_13467425_s,57600.0,58500.0,83,13467425,s,166,7.438637868140466
det_13467425_e,57600.0,58500.0,29,13467425,e,32,0.5432144762551112
det_13467160_n,57600.0,58500.0,6,13467160,n,37,6.685631938613182
det_13467160_s,57600.0,58500.0,3,13467160,s,30,6.646940512883967
det_13467160_e,57600.0,58500.0,1,13467160,e,38,8.378850052670009
det_13467132_n,58500.0,59400.0,10,13467132,n,31,4.638124095143555
det_13467132_s,58500.0,59400.0,48,13467132,s,21,4.596785266097243
det_13467132_w,58500.0,59400.0,17,13467132,w,109,11.590910505616302
det_13467037_n,58500.0,59400.0,10,13467037,n,26,3.7712361663282534
det_13467037_s,58500.0,59400.0,35,13467037,s,12,4.74453773279045
det_13467037_e,58500.0,59400.0,0,13467037,e,177,18.81488772222678
det_13467239_n,58500.0,59400.0,6,13467239,n,74,10.75174404457249
det_13467239_s,58500.0,59400.0,53,13467239,s,148,9.476338693022512
det_13467239_w,58500.0,59400.0,0,13467239,w,110,14.832396974191326
det_13467327_n,58500.0,59400.0,19,13467327,n,15,0.9701425001453319
det_13467327_e,58500.0,59400.0,1,13467327,e,36,8.13733471206735
det_13467327_w,58500.0,59400.0,92,13467327,w,39,6.548701870081284
det_13467080_n,58500.0,59400.0,17,13467080,n,76,8.652179786259843
det_13467080_s,58500.0,59400.0,23,13467080,s,107,10.41891770549351
det_13467080_e,58500.0,59400.0,1,13467080,e,185,19.079911183039826
det_14254942_n,58500.0,59400.0,0,14254942,n,90,13.416407864998739
det_14254942_s,58500.0,59400.0,3,14254942,s,44,8.457654219322107
det_14254942_w,58500.0,59400.0,16,14254942,w,131,13.4138724009555
det_13467425_n,58500.0,59400.0,25,13467425,n,52,4.351444005737053
det_13467425_s,58500.0,59400.0,94,13467425,s,162,6.010407640085654
det_13467425_e,58500.0,59400.0,28,13467425,e,42,2.3664319132398464
det_13467160_n,58500.0,59400.0,4,13467160,n,44,8.16496580927726
det_13467160_s,58500.0,59400.0,1,13467160,s,21,6.030226891555273
det_13467160_e,58500.0,59400.0,3,13467160,e,41,8.101627221513196
det_13467132_n,59400.0,60300.0,14,13467132,n,36,4.4
det_13467132_s,59400.0,60300.0,47,13467132,s,26,3.4759447321299453
det_13467132_w,59400.0,60300.0,17,13467132,w,88,9.79893094266143
det_13467037_n,59400.0,60300.0,11,13467037,n,26,3.4874291623145783
det_13467037_s,59400.0,60300.0,27,13467037,s,14,2.8712196779460104
det_13467037_e,59400.0,60300.0,0,13467037,e,147,17.146428199482248
det_13467239_n,59400.0,60300.0,13,13467239,n,106,12.056589258070257
det_13467239_s,59400.0,60300.0,61,13467239,s,161,9.49157995752499
det_13467239_w,59400.0,60300.0,0,13467239,w,78,12.489995996796797
det_13467327_n,59400.0,60300.0,26,13467327,n,13,2.943920288775949
det_13467327_e,59400.0,60300.0,3,13467327,e,53,9.44911182523068
det_13467327_w,59400.0,60300.0,89,13467327,w,50,4.678129122451724
det_13467080_n,59400.0,60300.0,21,13467080,n,127,12.322249706844843
det_13467080_s,59400.0,60300.0,32,13467080,s,99,8.278547647083888
det_13467080_e,59400.0,60300.0,4,13467080,e,148,16.517932838680448
det_14254942_n,59400.0,60300.0,0,14254942,n,77,12.409673645990857
det_14254942_s,59400.0,60300.0,1,14254942,s,52,9.907115796044094
det_14254942_w,59400.0,60300.0,13,14254942,w,117,12.89961239727768
det_13467425_n,59400.0,60300.0,40,13467425,n,55,2.176428750330035
det_13467425_s,59400.0,60300.0,97,13467425,s,186,7.481898060423735
det_13467425_e,59400.0,60300.0,29,13467425,e,41,2.02837021134844
det_13467160_n,59400.0,60300.0,4,13467160,n,42,7.9235477341688405
det_13467160_s,59400.0,60300.0,1,13467160,s,21,6.030226891555273
det_13467160_e,59400.0,60300.0,3,13467160,e,46,8.687311883149013
det_13467132_n,60300.0,61200.0,14,13467132,n,37,4.554678697692702
det_13467132_s,60300.0,61200.0,54,13467132,s,30,3.7032803990902057
det_13467132_w,60300.0,61200.0,19,13467132,w,97,10.24190176305836
det_13467037_n,60300.0,61200.0,8,13467037,n,32,5.366563145999495
det_13467037_s,60300.0,61200.0,32,13467037,s,18,2.8
det_13467037_e,60300.0,61200.0,0,13467037,e,174,18.65475810617763
det_13467239_n,60300.0,61200.0,11,13467239,n,106,12.420688558751655
det_13467239_s,60300.0,61200.0,67,13467239,s,171,9.533664369093398
det_13467239_w,60300.0,61200.0,0,13467239,w,82,12.806248474865697
det_13467327_n,60300.0,61200.0,25,13467327,n,14,2.4910094751181107
det_13467327_e,60300.0,61200.0,2,13467327,e,42,8.528028654224418
det_13467327_w,60300.0,61200.0,93,13467327,w,39,6.646940512883967
det_13467080_n,60300.0,61200.0,21,13467080,n,125,12.172279308397579
det_13467080_s,60300.0,61200.0,34,13467080,s,109,8.86968593983624
det_13467080_e,60300.0,61200.0,5,13467080,e,176,17.975120927985177
det_14254942_n,60300.0,61200.0,0,14254942,n,83,12.884098726725126
det_14254942_s,60300.0,61200.0,5,14254942,s,50,8.581163303210332
det_14254942_w,60300.0,61200.0,23,14254942,w,124,11.780879239100047
det_13467425_n,60300.0,61200.0,28,13467425,n,56,4.320493798938574
det_13467425_s,60300.0,61200.0,101,13467425,s,190,7.3783373833781365
det_13467425_e,60300.0,61200.0,41,13467425,e,40,0.15713484026367722
det_13467160_n,60300.0,61200.0,10,13467160,n,45,6.674238124719146
det_13467160_s,60300.0,61200.0,7,13467160,s,24,4.318004318006477
det_13467160_e,60300.0,61200.0,4,13467160,e,34,6.8824720161168536
det_13467132_n,61200.0,62100.0,14,13467132,n,35,4.242640687119285
det_13467132_s,61200.0,62100.0,59,13467132,s,32,4.002746309969947
det_13467132_w,61200.0,62100.0,22,13467132,w,121,11.707985440583835
det_13467037_n,61200.0,62100.0,7,13467037,n,44,7.32709181802739
det_13467037_s,61200.0,62100.0,43,13467037,s,17,4.74692883171144
det_13467037_e,61200.0,62100.0,0,13467037,e,172,18.547236990991408
det_13467239_n,61200.0,62100.0,14,13467239,n,105,11.797307768649393
det_13467239_s,61200.0,62100.0,72,13467239,s,152,7.559289460184544
det_13467239_w,61200.0,62100.0,0,13467239,w,107,14.628738838327793
det_13467327_n,61200.0,62100.0,30,13467327,n,20,2.0
det_13467327_e,61200.0,62100.0,6,13467327,e,39,6.957010852370434
det_13467327_w,61200.0,62100.0,96,13467327,w,46,5.933908290969266
det_13467080_n,61200.0,62100.0,19,13467080,n,126,12.566512697614655
det_13467080_s,61200.0,62100.0,41,13467080,s,92,6.254021262746651
det_13467080_e,61200.0,62100.0,1,13467080,e,188,19.236484295274124
det_14254942_n,61200.0,62100.0,0,14254942,n,96,13.856406460551018
det_14254942_s,61200.0,62100.0,2,14254942,s,65,10.884742162325137
det_14254942_w,61200.0,62100.0,16,14254942,w,154,14.968201589487276
det_13467425_n,61200.0,62100.0,36,13467425,n,63,3.8376128944009875
det_13467425_s,61200.0,62100.0,105,13467425,s,186,6.715116045546394
det_13467425_e,61200.0,62100.0,39,13467425,e,40,0.15911145683514602
det_13467160_n,61200.0,62100.0,9,13467160,n,50,7.548711866766252
det_13467160_s,61200.0,62100.0,2,13467160,s,28,6.713171133426189
det_13467160_e,61200.0,62100.0,3,13467160,e,32,6.932325934139483
det_13467132_n,62100.0,63000.0,12,13467132,n,53,7.191875758317639
det_13467132_s,62100.0,63000.0,55,13467132,s,23,5.124100921762788
det_13467132_w,62100.0,63000.0,24,13467132,w,139,12.738521839299361
det_13467037_n,62100.0,63000.0,12,13467037,n,56,7.545937746270389
det_13467037_s,62100.0,63000.0,38,13467037,s,24,2.5144742283748487
det_13467037_e,62100.0,63000.0,0,13467037,e,181,19.026297590440446
det_13467239_n,62100.0,63000.0,9,13467239,n,123,14.032429971643932
det_13467239_s,62100.0,63000.0,58,13467239,s,147,8.790793410181347
det_13467239_w,62100.0,63000.0,0,13467239,w,131,16.186414056238647
det_13467327_n,62100.0,63000.0,28,13467327,n,19,1.856558243265828
det_13467327_e,62100.0,63000.0,5,13467327,e,36,6.846754616640485
det_13467327_w,62100.0,63000.0,92,13467327,w,34,7.30731314484506
det_13467080_n,62100.0,63000.0,14,13467080,n,138,14.22377549997483
det_13467080_s,62100.0,63000.0,29,13467080,s,115,10.135197197007182
det_13467080_e,62100.0,63000.0,2,13467080,e,184,18.87252084409374
det_14254942_n,62100.0,63000.0,0,14254942,n,77,12.409673645990857
det_14254942_s,62100.0,63000.0,7,14254942,s,53,8.398412548412548
det_14254942_w,62100.0,63000.0,21,14254942,w,164,14.868432004427039
det_13467425_n,62100.0,63000.0,43,13467425,n,80,4.718067676668704
det_13467425_s,62100.0,63000.0,84,13467425,s,169,7.55742181606458
det_13467425_e,62100.0,63000.0,36,13467425,e,43,1.113780197846022
det_13467160_n,62100.0,63000.0,14,13467160,n,48,6.1065802689103466
det_13467160_s,62100.0,63000.0,8,13467160,s,26,4.365641250653994
det_13467160_e,62100.0,63000.0,5,13467160,e,34,6.567206798038655
det_13467132_n,63000.0,63900.0,16,13467132,n,45,5.251073270466075
det_13467132_s,63000.0,63900.0,59,13467132,s,29,4.522670168666454
det_13467132_w,63000.0,63900.0,28,13467132,w,130,11.475896589445444
det_13467037_n,63000.0,63900.0,15,13467037,n,38,4.4679149668434155
det_13467037_s,63000.0,63900.0,42,13467037,s,20,3.9513166445890477
det_13467037_e,63000.0,63900.0,12,13467037,e,175,16.857058693837626
det_13467239_n,63000.0,63900.0,23,13467239,n,94,9.28283039654071
det_13467239_s,63000.0,63900.0,61,13467239,s,143,8.11920985240873
det_13467239_w,63000.0,63900.0,11,13467239,w,134,14.445617400061707
det_13467327_n,63000.0,63900.0,26,13467327,n,18,1.7056057308448835
det_13467327_e,63000.0,63900.0,9,13467327,e,47,7.1813249871753175
det_13467327_w,63000.0,63900.0,91,13467327,w,47,5.296977535773845
det_13467080_n,63000.0,63900.0,27,13467080,n,100,9.160854755017116
det_13467080_s,63000.0,63900.0,39,13467080,s,113,8.488382153210786
det_13467080_e,63000.0,63900.0,12,13467080,e,172,16.68115312456598
det_14254942_n,63000.0,63900.0,8,14254942,n,85,11.291827856644202
det_14254942_s,63000.0,63900.0,13,14254942,s,60,7.779495352862258
det_14254942_w,63000.0,63900.0,24,14254942,w,172,14.950257659372719
det_13467425_n,63000.0,63900.0,39,13467425,n,61,3.111269837220809
det_13467425_s,63000.0,63900.0,88,13467425,s,165,6.846135056905561
det_13467425_e,63000.0,63900.0,41,13467425,e,53,1.7503798979747347
det_13467160_n,63000.0,63900.0,19,13467160,n,63,6.871645523098667
det_13467160_s,63000.0,63900.0,11,13467160,s,34,4.848825745591515
det_13467160_e,63000.0,63900.0,9,13467160,e,41,6.4
det_13467132_n,63900.0,64800.0,10,13467132,n,37,5.569674729797485
det_13467132_s,63900.0,64800.0,18,13467132,s,15,0.7385489458759964
det_13467132_w,63900.0,64800.0,101,13467132,w,140,3.55280264565936
det_13467037_n,63900.0,64800.0,7,13467037,n,30,5.347391382215687
det_13467037_s,63900.0,64800.0,4,13467037,s,14,3.3333333333333335
det_13467037_e,63900.0,64800.0,71,13467037,e,165,8.653401408244239
det_13467239_n,63900.0,64800.0,89,13467239,n,117,2.758921978860021
det_13467239_s,63900.0,64800.0,56,13467239,s,158,9.860712188265769
det_13467239_w,63900.0,64800.0,53,13467239,w,126,7.716339769692674
det_13467327_n,63900.0,64800.0,81,13467327,n,21,8.40168050416806
det_13467327_e,63900.0,64800.0,38,13467327,e,35,0.49656353316142077
det_13467327_w,63900.0,64800.0,12,13467327,w,29,3.7546718865447826
det_13467080_n,63900.0,64800.0,87,13467080,n,129,4.041451884327381
det_13467080_s,63900.0,64800.0,86,13467080,s,101,1.5512630699850574
det_13467080_e,63900.0,64800.0,66,13467080,e,164,9.138547120755074
det_14254942_n,63900.0,64800.0,41,14254942,n,111,8.029550685469662
det_14254942_s,63900.0,64800.0,48,14254942,s,63,2.013468165642073
det_14254942_w,63900.0,64800.0,22,14254942,w,165,14.788707933857548
det_13467425_n,63900.0,64800.0,60,13467425,n,83,2.7200370215497798
det_13467425_s,63900.0,64800.0,15,13467425,s,185,17.0
det_13467425_e,63900.0,64800.0,56,13467425,e,32,3.6181361349331636
det_13467160_n,63900.0,64800.0,64,13467160,n,56,1.0327955589886444
det_13467160_s,63900.0,64800.0,49,13467160,s,33,2.498780190217697
det_13467160_e,63900.0,64800.0,60,13467160,e,40,2.8284271247461903
