detector_id,begin,end,nVehContrib,flow,occupancy,speed
det_13467132_n,0.0,900.0,0,0.0,0.0,-1.0
det_13467132_s,0.0,900.0,0,0.0,0.0,-1.0
det_13467132_w,0.0,900.0,0,0.0,0.0,-1.0
det_13467037_n,0.0,900.0,0,0.0,0.0,-1.0
det_13467037_s,0.0,900.0,0,0.0,0.0,-1.0
det_13467037_e,0.0,900.0,0,0.0,0.0,-1.0
det_13467239_n,0.0,900.0,0,0.0,0.0,-1.0
det_13467239_s,0.0,900.0,0,0.0,0.0,-1.0
det_13467239_w,0.0,900.0,0,0.0,0.0,-1.0
det_13467327_n,0.0,900.0,0,0.0,0.0,-1.0
det_13467327_e,0.0,900.0,0,0.0,0.0,-1.0
det_13467327_w,0.0,900.0,0,0.0,0.0,-1.0
det_13467080_n,0.0,900.0,0,0.0,0.0,-1.0
det_13467080_s,0.0,900.0,0,0.0,0.0,-1.0
det_13467080_e,0.0,900.0,0,0.0,0.0,-1.0
det_14254942_n,0.0,900.0,0,0.0,0.0,-1.0
det_14254942_s,0.0,900.0,0,0.0,0.0,-1.0
det_14254942_w,0.0,900.0,0,0.0,0.0,-1.0
det_13467425_n,0.0,900.0,0,0.0,0.0,-1.0
det_13467425_s,0.0,900.0,0,0.0,0.0,-1.0
det_13467425_e,0.0,900.0,0,0.0,0.0,-1.0
det_13467160_n,0.0,900.0,0,0.0,0.0,-1.0
det_13467160_s,0.0,900.0,0,0.0,0.0,-1.0
det_13467160_e,0.0,900.0,0,0.0,0.0,-1.0
det_13467132_n,900.0,1800.0,0,0.0,0.0,-1.0
det_13467132_s,900.0,1800.0,0,0.0,0.0,-1.0
det_13467132_w,900.0,1800.0,0,0.0,0.0,-1.0
det_13467037_n,900.0,1800.0,0,0.0,0.0,-1.0
det_13467037_s,900.0,1800.0,0,0.0,0.0,-1.0
det_13467037_e,900.0,1800.0,0,0.0,0.0,-1.0
det_13467239_n,900.0,1800.0,0,0.0,0.0,-1.0
det_13467239_s,900.0,1800.0,0,0.0,0.0,-1.0
det_13467239_w,900.0,1800.0,0,0.0,0.0,-1.0
det_13467327_n,900.0,1800.0,0,0.0,0.0,-1.0
det_13467327_e,900.0,1800.0,0,0.0,0.0,-1.0
det_13467327_w,900.0,1800.0,0,0.0,0.0,-1.0
det_13467080_n,900.0,1800.0,0,0.0,0.0,-1.0
det_13467080_s,900.0,1800.0,0,0.0,0.0,-1.0
det_13467080_e,900.0,1800.0,0,0.0,0.0,-1.0
det_14254942_n,900.0,1800.0,0,0.0,0.0,-1.0
det_14254942_s,900.0,1800.0,0,0.0,0.0,-1.0
det_14254942_w,900.0,1800.0,0,0.0,0.0,-1.0
det_13467425_n,900.0,1800.0,0,0.0,0.0,-1.0
det_13467425_s,900.0,1800.0,0,0.0,0.0,-1.0
det_13467425_e,900.0,1800.0,0,0.0,0.0,-1.0
det_13467160_n,900.0,1800.0,0,0.0,0.0,-1.0
det_13467160_s,900.0,1800.0,0,0.0,0.0,-1.0
det_13467160_e,900.0,1800.0,0,0.0,0.0,-1.0
det_13467132_n,1800.0,2700.0,0,0.0,0.0,-1.0
det_13467132_s,1800.0,2700.0,0,0.0,0.0,-1.0
det_13467132_w,1800.0,2700.0,0,0.0,0.0,-1.0
det_13467037_n,1800.0,2700.0,0,0.0,0.0,-1.0
det_13467037_s,1800.0,2700.0,0,0.0,0.0,-1.0
det_13467037_e,1800.0,2700.0,0,0.0,0.0,-1.0
det_13467239_n,1800.0,2700.0,0,0.0,0.0,-1.0
det_13467239_s,1800.0,2700.0,0,0.0,0.0,-1.0
det_13467239_w,1800.0,2700.0,0,0.0,0.0,-1.0
det_13467327_n,1800.0,2700.0,0,0.0,0.0,-1.0
det_13467327_e,1800.0,2700.0,0,0.0,0.0,-1.0
det_13467327_w,1800.0,2700.0,0,0.0,0.0,-1.0
det_13467080_n,1800.0,2700.0,0,0.0,0.0,-1.0
det_13467080_s,1800.0,2700.0,0,0.0,0.0,-1.0
det_13467080_e,1800.0,2700.0,0,0.0,0.0,-1.0
det_14254942_n,1800.0,2700.0,0,0.0,0.0,-1.0
det_14254942_s,1800.0,2700.0,0,0.0,0.0,-1.0
det_14254942_w,1800.0,2700.0,0,0.0,0.0,-1.0
det_13467425_n,1800.0,2700.0,0,0.0,0.0,-1.0
det_13467425_s,1800.0,2700.0,0,0.0,0.0,-1.0
det_13467425_e,1800.0,2700.0,0,0.0,0.0,-1.0
det_13467160_n,1800.0,2700.0,0,0.0,0.0,-1.0
det_13467160_s,1800.0,2700.0,0,0.0,0.0,-1.0
det_13467160_e,1800.0,2700.0,0,0.0,0.0,-1.0
det_13467132_n,2700.0,3600.0,0,0.0,0.0,-1.0
det_13467132_s,2700.0,3600.0,0,0.0,0.0,-1.0
det_13467132_w,2700.0,3600.0,0,0.0,0.0,-1.0
det_13467037_n,2700.0,3600.0,0,0.0,0.0,-1.0
det_13467037_s,2700.0,3600.0,0,0.0,0.0,-1.0
det_13467037_e,2700.0,3600.0,0,0.0,0.0,-1.0
det_13467239_n,2700.0,3600.0,0,0.0,0.0,-1.0
det_13467239_s,2700.0,3600.0,0,0.0,0.0,-1.0
det_13467239_w,2700.0,3600.0,0,0.0,0.0,-1.0
det_13467327_n,2700.0,3600.0,0,0.0,0.0,-1.0
det_13467327_e,2700.0,3600.0,0,0.0,0.0,-1.0
det_13467327_w,2700.0,3600.0,0,0.0,0.0,-1.0
det_13467080_n,2700.0,3600.0,0,0.0,0.0,-1.0
det_13467080_s,2700.0,3600.0,0,0.0,0.0,-1.0
det_13467080_e,2700.0,3600.0,0,0.0,0.0,-1.0
det_14254942_n,2700.0,3600.0,0,0.0,0.0,-1.0
det_14254942_s,2700.0,3600.0,0,0.0,0.0,-1.0
det_14254942_w,2700.0,3600.0,0,0.0,0.0,-1.0
det_13467425_n,2700.0,3600.0,0,0.0,0.0,-1.0
det_13467425_s,2700.0,3600.0,0,0.0,0.0,-1.0
det_13467425_e,2700.0,3600.0,0,0.0,0.0,-1.0
det_13467160_n,2700.0,3600.0,0,0.0,0.0,-1.0
det_13467160_s,2700.0,3600.0,0,0.0,0.0,-1.0
det_13467160_e,2700.0,3600.0,0,0.0,0.0,-1.0
det_13467132_n,3600.0,4500.0,0,0.0,0.0,-1.0
det_13467132_s,3600.0,4500.0,0,0.0,0.0,-1.0
det_13467132_w,3600.0,4500.0,0,0.0,0.0,-1.0
det_13467037_n,3600.0,4500.0,0,0.0,0.0,-1.0
det_13467037_s,3600.0,4500.0,0,0.0,0.0,-1.0
det_13467037_e,3600.0,4500.0,0,0.0,0.0,-1.0
det_13467239_n,3600.0,4500.0,0,0.0,0.0,-1.0
det_13467239_s,3600.0,4500.0,0,0.0,0.0,-1.0
det_13467239_w,3600.0,4500.0,0,0.0,0.0,-1.0
det_13467327_n,3600.0,4500.0,0,0.0,0.0,-1.0
det_13467327_e,3600.0,4500.0,0,0.0,0.0,-1.0
det_13467327_w,3600.0,4500.0,0,0.0,0.0,-1.0
det_13467080_n,3600.0,4500.0,0,0.0,0.0,-1.0
det_13467080_s,3600.0,4500.0,0,0.0,0.0,-1.0
det_13467080_e,3600.0,4500.0,0,0.0,0.0,-1.0
det_14254942_n,3600.0,4500.0,0,0.0,0.0,-1.0
det_14254942_s,3600.0,4500.0,0,0.0,0.0,-1.0
det_14254942_w,3600.0,4500.0,0,0.0,0.0,-1.0
det_13467425_n,3600.0,4500.0,0,0.0,0.0,-1.0
det_13467425_s,3600.0,4500.0,0,0.0,0.0,-1.0
det_13467425_e,3600.0,4500.0,0,0.0,0.0,-1.0
det_13467160_n,3600.0,4500.0,0,0.0,0.0,-1.0
det_13467160_s,3600.0,4500.0,0,0.0,0.0,-1.0
det_13467160_e,3600.0,4500.0,0,0.0,0.0,-1.0
det_13467132_n,4500.0,5400.0,0,0.0,0.0,-1.0
det_13467132_s,4500.0,5400.0,0,0.0,0.0,-1.0
det_13467132_w,4500.0,5400.0,0,0.0,0.0,-1.0
det_13467037_n,4500.0,5400.0,0,0.0,0.0,-1.0
det_13467037_s,4500.0,5400.0,0,0.0,0.0,-1.0
det_13467037_e,4500.0,5400.0,0,0.0,0.0,-1.0
det_13467239_n,4500.0,5400.0,0,0.0,0.0,-1.0
det_13467239_s,4500.0,5400.0,0,0.0,0.0,-1.0
det_13467239_w,4500.0,5400.0,0,0.0,0.0,-1.0
det_13467327_n,4500.0,5400.0,0,0.0,0.0,-1.0
det_13467327_e,4500.0,5400.0,0,0.0,0.0,-1.0
det_13467327_w,4500.0,5400.0,0,0.0,0.0,-1.0
det_13467080_n,4500.0,5400.0,0,0.0,0.0,-1.0
det_13467080_s,4500.0,5400.0,0,0.0,0.0,-1.0
det_13467080_e,4500.0,5400.0,0,0.0,0.0,-1.0
det_14254942_n,4500.0,5400.0,0,0.0,0.0,-1.0
det_14254942_s,4500.0,5400.0,0,0.0,0.0,-1.0
det_14254942_w,4500.0,5400.0,0,0.0,0.0,-1.0
det_13467425_n,4500.0,5400.0,0,0.0,0.0,-1.0
det_13467425_s,4500.0,5400.0,0,0.0,0.0,-1.0
det_13467425_e,4500.0,5400.0,0,0.0,0.0,-1.0
det_13467160_n,4500.0,5400.0,0,0.0,0.0,-1.0
det_13467160_s,4500.0,5400.0,0,0.0,0.0,-1.0
det_13467160_e,4500.0,5400.0,0,0.0,0.0,-1.0
det_13467132_n,5400.0,6300.0,0,0.0,0.0,-1.0
det_13467132_s,5400.0,6300.0,0,0.0,0.0,-1.0
det_13467132_w,5400.0,6300.0,0,0.0,0.0,-1.0
det_13467037_n,5400.0,6300.0,0,0.0,0.0,-1.0
det_13467037_s,5400.0,6300.0,0,0.0,0.0,-1.0
det_13467037_e,5400.0,6300.0,0,0.0,0.0,-1.0
det_13467239_n,5400.0,6300.0,0,0.0,0.0,-1.0
det_13467239_s,5400.0,6300.0,0,0.0,0.0,-1.0
det_13467239_w,5400.0,6300.0,0,0.0,0.0,-1.0
det_13467327_n,5400.0,6300.0,0,0.0,0.0,-1.0
det_13467327_e,5400.0,6300.0,0,0.0,0.0,-1.0
det_13467327_w,5400.0,6300.0,0,0.0,0.0,-1.0
det_13467080_n,5400.0,6300.0,0,0.0,0.0,-1.0
det_13467080_s,5400.0,6300.0,0,0.0,0.0,-1.0
det_13467080_e,5400.0,6300.0,0,0.0,0.0,-1.0
det_14254942_n,5400.0,6300.0,0,0.0,0.0,-1.0
det_14254942_s,5400.0,6300.0,0,0.0,0.0,-1.0
det_14254942_w,5400.0,6300.0,0,0.0,0.0,-1.0
det_13467425_n,5400.0,6300.0,0,0.0,0.0,-1.0
det_13467425_s,5400.0,6300.0,0,0.0,0.0,-1.0
det_13467425_e,5400.0,6300.0,0,0.0,0.0,-1.0
det_13467160_n,5400.0,6300.0,0,0.0,0.0,-1.0
det_13467160_s,5400.0,6300.0,0,0.0,0.0,-1.0
det_13467160_e,5400.0,6300.0,0,0.0,0.0,-1.0
det_13467132_n,6300.0,7200.0,0,0.0,0.0,-1.0
det_13467132_s,6300.0,7200.0,0,0.0,0.0,-1.0
det_13467132_w,6300.0,7200.0,0,0.0,0.0,-1.0
det_13467037_n,6300.0,7200.0,0,0.0,0.0,-1.0
det_13467037_s,6300.0,7200.0,0,0.0,0.0,-1.0
det_13467037_e,6300.0,7200.0,0,0.0,0.0,-1.0
det_13467239_n,6300.0,7200.0,0,0.0,0.0,-1.0
det_13467239_s,6300.0,7200.0,0,0.0,0.0,-1.0
det_13467239_w,6300.0,7200.0,0,0.0,0.0,-1.0
det_13467327_n,6300.0,7200.0,0,0.0,0.0,-1.0
det_13467327_e,6300.0,7200.0,0,0.0,0.0,-1.0
det_13467327_w,6300.0,7200.0,0,0.0,0.0,-1.0
det_13467080_n,6300.0,7200.0,0,0.0,0.0,-1.0
det_13467080_s,6300.0,7200.0,0,0.0,0.0,-1.0
det_13467080_e,6300.0,7200.0,0,0.0,0.0,-1.0
det_14254942_n,6300.0,7200.0,0,0.0,0.0,-1.0
det_14254942_s,6300.0,7200.0,0,0.0,0.0,-1.0
det_14254942_w,6300.0,7200.0,0,0.0,0.0,-1.0
det_13467425_n,6300.0,7200.0,0,0.0,0.0,-1.0
det_13467425_s,6300.0,7200.0,0,0.0,0.0,-1.0
det_13467425_e,6300.0,7200.0,0,0.0,0.0,-1.0
det_13467160_n,6300.0,7200.0,0,0.0,0.0,-1.0
det_13467160_s,6300.0,7200.0,0,0.0,0.0,-1.0
det_13467160_e,6300.0,7200.0,0,0.0,0.0,-1.0
det_13467132_n,7200.0,8100.0,0,0.0,0.0,-1.0
det_13467132_s,7200.0,8100.0,0,0.0,0.0,-1.0
det_13467132_w,7200.0,8100.0,0,0.0,0.0,-1.0
det_13467037_n,7200.0,8100.0,0,0.0,0.0,-1.0
det_13467037_s,7200.0,8100.0,0,0.0,0.0,-1.0
det_13467037_e,7200.0,8100.0,0,0.0,0.0,-1.0
det_13467239_n,7200.0,8100.0,0,0.0,0.0,-1.0
det_13467239_s,7200.0,8100.0,0,0.0,0.0,-1.0
det_13467239_w,7200.0,8100.0,0,0.0,0.0,-1.0
det_13467327_n,7200.0,8100.0,0,0.0,0.0,-1.0
det_13467327_e,7200.0,8100.0,0,0.0,0.0,-1.0
det_13467327_w,7200.0,8100.0,0,0.0,0.0,-1.0
det_13467080_n,7200.0,8100.0,0,0.0,0.0,-1.0
det_13467080_s,7200.0,8100.0,0,0.0,0.0,-1.0
det_13467080_e,7200.0,8100.0,0,0.0,0.0,-1.0
det_14254942_n,7200.0,8100.0,0,0.0,0.0,-1.0
det_14254942_s,7200.0,8100.0,0,0.0,0.0,-1.0
det_14254942_w,7200.0,8100.0,0,0.0,0.0,-1.0
det_13467425_n,7200.0,8100.0,0,0.0,0.0,-1.0
det_13467425_s,7200.0,8100.0,0,0.0,0.0,-1.0
det_13467425_e,7200.0,8100.0,0,0.0,0.0,-1.0
det_13467160_n,7200.0,8100.0,0,0.0,0.0,-1.0
det_13467160_s,7200.0,8100.0,0,0.0,0.0,-1.0
det_13467160_e,7200.0,8100.0,0,0.0,0.0,-1.0
det_13467132_n,8100.0,9000.0,0,0.0,0.0,-1.0
det_13467132_s,8100.0,9000.0,0,0.0,0.0,-1.0
det_13467132_w,8100.0,9000.0,0,0.0,0.0,-1.0
det_13467037_n,8100.0,9000.0,0,0.0,0.0,-1.0
det_13467037_s,8100.0,9000.0,0,0.0,0.0,-1.0
det_13467037_e,8100.0,9000.0,0,0.0,0.0,-1.0
det_13467239_n,8100.0,9000.0,0,0.0,0.0,-1.0
det_13467239_s,8100.0,9000.0,0,0.0,0.0,-1.0
det_13467239_w,8100.0,9000.0,0,0.0,0.0,-1.0
det_13467327_n,8100.0,9000.0,0,0.0,0.0,-1.0
det_13467327_e,8100.0,9000.0,0,0.0,0.0,-1.0
det_13467327_w,8100.0,9000.0,0,0.0,0.0,-1.0
det_13467080_n,8100.0,9000.0,0,0.0,0.0,-1.0
det_13467080_s,8100.0,9000.0,0,0.0,0.0,-1.0
det_13467080_e,8100.0,9000.0,0,0.0,0.0,-1.0
det_14254942_n,8100.0,9000.0,0,0.0,0.0,-1.0
det_14254942_s,8100.0,9000.0,0,0.0,0.0,-1.0
det_14254942_w,8100.0,9000.0,0,0.0,0.0,-1.0
det_13467425_n,8100.0,9000.0,0,0.0,0.0,-1.0
det_13467425_s,8100.0,9000.0,0,0.0,0.0,-1.0
det_13467425_e,8100.0,9000.0,0,0.0,0.0,-1.0
det_13467160_n,8100.0,9000.0,0,0.0,0.0,-1.0
det_13467160_s,8100.0,9000.0,0,0.0,0.0,-1.0
det_13467160_e,8100.0,9000.0,0,0.0,0.0,-1.0
det_13467132_n,9000.0,9900.0,0,0.0,0.0,-1.0
det_13467132_s,9000.0,9900.0,0,0.0,0.0,-1.0
det_13467132_w,9000.0,9900.0,0,0.0,0.0,-1.0
det_13467037_n,9000.0,9900.0,0,0.0,0.0,-1.0
det_13467037_s,9000.0,9900.0,0,0.0,0.0,-1.0
det_13467037_e,9000.0,9900.0,0,0.0,0.0,-1.0
det_13467239_n,9000.0,9900.0,0,0.0,0.0,-1.0
det_13467239_s,9000.0,9900.0,0,0.0,0.0,-1.0
det_13467239_w,9000.0,9900.0,0,0.0,0.0,-1.0
det_13467327_n,9000.0,9900.0,0,0.0,0.0,-1.0
det_13467327_e,9000.0,9900.0,0,0.0,0.0,-1.0
det_13467327_w,9000.0,9900.0,0,0.0,0.0,-1.0
det_13467080_n,9000.0,9900.0,0,0.0,0.0,-1.0
det_13467080_s,9000.0,9900.0,0,0.0,0.0,-1.0
det_13467080_e,9000.0,9900.0,0,0.0,0.0,-1.0
det_14254942_n,9000.0,9900.0,0,0.0,0.0,-1.0
det_14254942_s,9000.0,9900.0,0,0.0,0.0,-1.0
det_14254942_w,9000.0,9900.0,0,0.0,0.0,-1.0
det_13467425_n,9000.0,9900.0,0,0.0,0.0,-1.0
det_13467425_s,9000.0,9900.0,0,0.0,0.0,-1.0
det_13467425_e,9000.0,9900.0,0,0.0,0.0,-1.0
det_13467160_n,9000.0,9900.0,0,0.0,0.0,-1.0
det_13467160_s,9000.0,9900.0,0,0.0,0.0,-1.0
det_13467160_e,9000.0,9900.0,0,0.0,0.0,-1.0
det_13467132_n,9900.0,10800.0,0,0.0,0.0,-1.0
det_13467132_s,9900.0,10800.0,0,0.0,0.0,-1.0
det_13467132_w,9900.0,10800.0,0,0.0,0.0,-1.0
det_13467037_n,9900.0,10800.0,0,0.0,0.0,-1.0
det_13467037_s,9900.0,10800.0,0,0.0,0.0,-1.0
det_13467037_e,9900.0,10800.0,0,0.0,0.0,-1.0
det_13467239_n,9900.0,10800.0,0,0.0,0.0,-1.0
det_13467239_s,9900.0,10800.0,0,0.0,0.0,-1.0
det_13467239_w,9900.0,10800.0,0,0.0,0.0,-1.0
det_13467327_n,9900.0,10800.0,0,0.0,0.0,-1.0
det_13467327_e,9900.0,10800.0,0,0.0,0.0,-1.0
det_13467327_w,9900.0,10800.0,0,0.0,0.0,-1.0
det_13467080_n,9900.0,10800.0,0,0.0,0.0,-1.0
det_13467080_s,9900.0,10800.0,0,0.0,0.0,-1.0
det_13467080_e,9900.0,10800.0,0,0.0,0.0,-1.0
det_14254942_n,9900.0,10800.0,0,0.0,0.0,-1.0
det_14254942_s,9900.0,10800.0,0,0.0,0.0,-1.0
det_14254942_w,9900.0,10800.0,0,0.0,0.0,-1.0
det_13467425_n,9900.0,10800.0,0,0.0,0.0,-1.0
det_13467425_s,9900.0,10800.0,0,0.0,0.0,-1.0
det_13467425_e,9900.0,10800.0,0,0.0,0.0,-1.0
det_13467160_n,9900.0,10800.0,0,0.0,0.0,-1.0
det_13467160_s,9900.0,10800.0,0,0.0,0.0,-1.0
det_13467160_e,9900.0,10800.0,0,0.0,0.0,-1.0
det_13467132_n,10800.0,11700.0,0,0.0,0.0,-1.0
det_13467132_s,10800.0,11700.0,0,0.0,0.0,-1.0
det_13467132_w,10800.0,11700.0,0,0.0,0.0,-1.0
det_13467037_n,10800.0,11700.0,0,0.0,0.0,-1.0
det_13467037_s,10800.0,11700.0,0,0.0,0.0,-1.0
det_13467037_e,10800.0,11700.0,0,0.0,0.0,-1.0
det_13467239_n,10800.0,11700.0,0,0.0,0.0,-1.0
det_13467239_s,10800.0,11700.0,0,0.0,0.0,-1.0
det_13467239_w,10800.0,11700.0,0,0.0,0.0,-1.0
det_13467327_n,10800.0,11700.0,0,0.0,0.0,-1.0
det_13467327_e,10800.0,11700.0,0,0.0,0.0,-1.0
det_13467327_w,10800.0,11700.0,0,0.0,0.0,-1.0
det_13467080_n,10800.0,11700.0,0,0.0,0.0,-1.0
det_13467080_s,10800.0,11700.0,0,0.0,0.0,-1.0
det_13467080_e,10800.0,11700.0,0,0.0,0.0,-1.0
det_14254942_n,10800.0,11700.0,0,0.0,0.0,-1.0
det_14254942_s,10800.0,11700.0,0,0.0,0.0,-1.0
det_14254942_w,10800.0,11700.0,0,0.0,0.0,-1.0
det_13467425_n,10800.0,11700.0,0,0.0,0.0,-1.0
det_13467425_s,10800.0,11700.0,0,0.0,0.0,-1.0
det_13467425_e,10800.0,11700.0,0,0.0,0.0,-1.0
det_13467160_n,10800.0,11700.0,0,0.0,0.0,-1.0
det_13467160_s,10800.0,11700.0,0,0.0,0.0,-1.0
det_13467160_e,10800.0,11700.0,0,0.0,0.0,-1.0
det_13467132_n,11700.0,12600.0,0,0.0,0.0,-1.0
det_13467132_s,11700.0,12600.0,0,0.0,0.0,-1.0
det_13467132_w,11700.0,12600.0,0,0.0,0.0,-1.0
det_13467037_n,11700.0,12600.0,0,0.0,0.0,-1.0
det_13467037_s,11700.0,12600.0,0,0.0,0.0,-1.0
det_13467037_e,11700.0,12600.0,0,0.0,0.0,-1.0
det_13467239_n,11700.0,12600.0,0,0.0,0.0,-1.0
det_13467239_s,11700.0,12600.0,0,0.0,0.0,-1.0
det_13467239_w,11700.0,12600.0,0,0.0,0.0,-1.0
det_13467327_n,11700.0,12600.0,0,0.0,0.0,-1.0
det_13467327_e,11700.0,12600.0,0,0.0,0.0,-1.0
det_13467327_w,11700.0,12600.0,0,0.0,0.0,-1.0
det_13467080_n,11700.0,12600.0,0,0.0,0.0,-1.0
det_13467080_s,11700.0,12600.0,0,0.0,0.0,-1.0
det_13467080_e,11700.0,12600.0,0,0.0,0.0,-1.0
det_14254942_n,11700.0,12600.0,0,0.0,0.0,-1.0
det_14254942_s,11700.0,12600.0,0,0.0,0.0,-1.0
det_14254942_w,11700.0,12600.0,0,0.0,0.0,-1.0
det_13467425_n,11700.0,12600.0,0,0.0,0.0,-1.0
det_13467425_s,11700.0,12600.0,0,0.0,0.0,-1.0
det_13467425_e,11700.0,12600.0,0,0.0,0.0,-1.0
det_13467160_n,11700.0,12600.0,0,0.0,0.0,-1.0
det_13467160_s,11700.0,12600.0,0,0.0,0.0,-1.0
det_13467160_e,11700.0,12600.0,0,0.0,0.0,-1.0
det_13467132_n,12600.0,13500.0,0,0.0,0.0,-1.0
det_13467132_s,12600.0,13500.0,0,0.0,0.0,-1.0
det_13467132_w,12600.0,13500.0,0,0.0,0.0,-1.0
det_13467037_n,12600.0,13500.0,0,0.0,0.0,-1.0
det_13467037_s,12600.0,13500.0,0,0.0,0.0,-1.0
det_13467037_e,12600.0,13500.0,0,0.0,0.0,-1.0
det_13467239_n,12600.0,13500.0,0,0.0,0.0,-1.0
det_13467239_s,12600.0,13500.0,0,0.0,0.0,-1.0
det_13467239_w,12600.0,13500.0,0,0.0,0.0,-1.0
det_13467327_n,12600.0,13500.0,0,0.0,0.0,-1.0
det_13467327_e,12600.0,13500.0,0,0.0,0.0,-1.0
det_13467327_w,12600.0,13500.0,0,0.0,0.0,-1.0
det_13467080_n,12600.0,13500.0,0,0.0,0.0,-1.0
det_13467080_s,12600.0,13500.0,0,0.0,0.0,-1.0
det_13467080_e,12600.0,13500.0,0,0.0,0.0,-1.0
det_14254942_n,12600.0,13500.0,0,0.0,0.0,-1.0
det_14254942_s,12600.0,13500.0,0,0.0,0.0,-1.0
det_14254942_w,12600.0,13500.0,0,0.0,0.0,-1.0
det_13467425_n,12600.0,13500.0,0,0.0,0.0,-1.0
det_13467425_s,12600.0,13500.0,0,0.0,0.0,-1.0
det_13467425_e,12600.0,13500.0,0,0.0,0.0,-1.0
det_13467160_n,12600.0,13500.0,0,0.0,0.0,-1.0
det_13467160_s,12600.0,13500.0,0,0.0,0.0,-1.0
det_13467160_e,12600.0,13500.0,0,0.0,0.0,-1.0
det_13467132_n,13500.0,14400.0,0,0.0,0.0,-1.0
det_13467132_s,13500.0,14400.0,0,0.0,0.0,-1.0
det_13467132_w,13500.0,14400.0,0,0.0,0.0,-1.0
det_13467037_n,13500.0,14400.0,0,0.0,0.0,-1.0
det_13467037_s,13500.0,14400.0,0,0.0,0.0,-1.0
det_13467037_e,13500.0,14400.0,0,0.0,0.0,-1.0
det_13467239_n,13500.0,14400.0,0,0.0,0.0,-1.0
det_13467239_s,13500.0,14400.0,0,0.0,0.0,-1.0
det_13467239_w,13500.0,14400.0,0,0.0,0.0,-1.0
det_13467327_n,13500.0,14400.0,0,0.0,0.0,-1.0
det_13467327_e,13500.0,14400.0,0,0.0,0.0,-1.0
det_13467327_w,13500.0,14400.0,0,0.0,0.0,-1.0
det_13467080_n,13500.0,14400.0,0,0.0,0.0,-1.0
det_13467080_s,13500.0,14400.0,0,0.0,0.0,-1.0
det_13467080_e,13500.0,14400.0,0,0.0,0.0,-1.0
det_14254942_n,13500.0,14400.0,0,0.0,0.0,-1.0
det_14254942_s,13500.0,14400.0,0,0.0,0.0,-1.0
det_14254942_w,13500.0,14400.0,0,0.0,0.0,-1.0
det_13467425_n,13500.0,14400.0,0,0.0,0.0,-1.0
det_13467425_s,13500.0,14400.0,0,0.0,0.0,-1.0
det_13467425_e,13500.0,14400.0,0,0.0,0.0,-1.0
det_13467160_n,13500.0,14400.0,0,0.0,0.0,-1.0
det_13467160_s,13500.0,14400.0,0,0.0,0.0,-1.0
det_13467160_e,13500.0,14400.0,0,0.0,0.0,-1.0
det_13467132_n,14400.0,15300.0,0,0.0,0.0,-1.0
det_13467132_s,14400.0,15300.0,0,0.0,0.0,-1.0
det_13467132_w,14400.0,15300.0,0,0.0,0.0,-1.0
det_13467037_n,14400.0,15300.0,0,0.0,0.0,-1.0
det_13467037_s,14400.0,15300.0,0,0.0,0.0,-1.0
det_13467037_e,14400.0,15300.0,0,0.0,0.0,-1.0
det_13467239_n,14400.0,15300.0,0,0.0,0.0,-1.0
det_13467239_s,14400.0,15300.0,0,0.0,0.0,-1.0
det_13467239_w,14400.0,15300.0,0,0.0,0.0,-1.0
det_13467327_n,14400.0,15300.0,0,0.0,0.0,-1.0
det_13467327_e,14400.0,15300.0,0,0.0,0.0,-1.0
det_13467327_w,14400.0,15300.0,0,0.0,0.0,-1.0
det_13467080_n,14400.0,15300.0,0,0.0,0.0,-1.0
det_13467080_s,14400.0,15300.0,0,0.0,0.0,-1.0
det_13467080_e,14400.0,15300.0,0,0.0,0.0,-1.0
det_14254942_n,14400.0,15300.0,0,0.0,0.0,-1.0
det_14254942_s,14400.0,15300.0,0,0.0,0.0,-1.0
det_14254942_w,14400.0,15300.0,0,0.0,0.0,-1.0
det_13467425_n,14400.0,15300.0,0,0.0,0.0,-1.0
det_13467425_s,14400.0,15300.0,0,0.0,0.0,-1.0
det_13467425_e,14400.0,15300.0,0,0.0,0.0,-1.0
det_13467160_n,14400.0,15300.0,0,0.0,0.0,-1.0
det_13467160_s,14400.0,15300.0,0,0.0,0.0,-1.0
det_13467160_e,14400.0,15300.0,0,0.0,0.0,-1.0
det_13467132_n,15300.0,16200.0,0,0.0,0.0,-1.0
det_13467132_s,15300.0,16200.0,0,0.0,0.0,-1.0
det_13467132_w,15300.0,16200.0,0,0.0,0.0,-1.0
det_13467037_n,15300.0,16200.0,0,0.0,0.0,-1.0
det_13467037_s,15300.0,16200.0,0,0.0,0.0,-1.0
det_13467037_e,15300.0,16200.0,0,0.0,0.0,-1.0
det_13467239_n,15300.0,16200.0,0,0.0,0.0,-1.0
det_13467239_s,15300.0,16200.0,0,0.0,0.0,-1.0
det_13467239_w,15300.0,16200.0,0,0.0,0.0,-1.0
det_13467327_n,15300.0,16200.0,0,0.0,0.0,-1.0
det_13467327_e,15300.0,16200.0,0,0.0,0.0,-1.0
det_13467327_w,15300.0,16200.0,0,0.0,0.0,-1.0
det_13467080_n,15300.0,16200.0,0,0.0,0.0,-1.0
det_13467080_s,15300.0,16200.0,0,0.0,0.0,-1.0
det_13467080_e,15300.0,16200.0,0,0.0,0.0,-1.0
det_14254942_n,15300.0,16200.0,0,0.0,0.0,-1.0
det_14254942_s,15300.0,16200.0,0,0.0,0.0,-1.0
det_14254942_w,15300.0,16200.0,0,0.0,0.0,-1.0
det_13467425_n,15300.0,16200.0,0,0.0,0.0,-1.0
det_13467425_s,15300.0,16200.0,0,0.0,0.0,-1.0
det_13467425_e,15300.0,16200.0,0,0.0,0.0,-1.0
det_13467160_n,15300.0,16200.0,0,0.0,0.0,-1.0
det_13467160_s,15300.0,16200.0,0,0.0,0.0,-1.0
det_13467160_e,15300.0,16200.0,0,0.0,0.0,-1.0
det_13467132_n,16200.0,17100.0,0,0.0,0.0,-1.0
det_13467132_s,16200.0,17100.0,0,0.0,0.0,-1.0
det_13467132_w,16200.0,17100.0,0,0.0,0.0,-1.0
det_13467037_n,16200.0,17100.0,0,0.0,0.0,-1.0
det_13467037_s,16200.0,17100.0,0,0.0,0.0,-1.0
det_13467037_e,16200.0,17100.0,0,0.0,0.0,-1.0
det_13467239_n,16200.0,17100.0,0,0.0,0.0,-1.0
det_13467239_s,16200.0,17100.0,0,0.0,0.0,-1.0
det_13467239_w,16200.0,17100.0,0,0.0,0.0,-1.0
det_13467327_n,16200.0,17100.0,0,0.0,0.0,-1.0
det_13467327_e,16200.0,17100.0,0,0.0,0.0,-1.0
det_13467327_w,16200.0,17100.0,0,0.0,0.0,-1.0
det_13467080_n,16200.0,17100.0,0,0.0,0.0,-1.0
det_13467080_s,16200.0,17100.0,0,0.0,0.0,-1.0
det_13467080_e,16200.0,17100.0,0,0.0,0.0,-1.0
det_14254942_n,16200.0,17100.0,0,0.0,0.0,-1.0
det_14254942_s,16200.0,17100.0,0,0.0,0.0,-1.0
det_14254942_w,16200.0,17100.0,0,0.0,0.0,-1.0
det_13467425_n,16200.0,17100.0,0,0.0,0.0,-1.0
det_13467425_s,16200.0,17100.0,0,0.0,0.0,-1.0
det_13467425_e,16200.0,17100.0,0,0.0,0.0,-1.0
det_13467160_n,16200.0,17100.0,0,0.0,0.0,-1.0
det_13467160_s,16200.0,17100.0,0,0.0,0.0,-1.0
det_13467160_e,16200.0,17100.0,0,0.0,0.0,-1.0
det_13467132_n,17100.0,18000.0,0,0.0,0.0,-1.0
det_13467132_s,17100.0,18000.0,0,0.0,0.0,-1.0
det_13467132_w,17100.0,18000.0,0,0.0,0.0,-1.0
det_13467037_n,17100.0,18000.0,0,0.0,0.0,-1.0
det_13467037_s,17100.0,18000.0,0,0.0,0.0,-1.0
det_13467037_e,17100.0,18000.0,0,0.0,0.0,-1.0
det_13467239_n,17100.0,18000.0,0,0.0,0.0,-1.0
det_13467239_s,17100.0,18000.0,0,0.0,0.0,-1.0
det_13467239_w,17100.0,18000.0,0,0.0,0.0,-1.0
det_13467327_n,17100.0,18000.0,0,0.0,0.0,-1.0
det_13467327_e,17100.0,18000.0,0,0.0,0.0,-1.0
det_13467327_w,17100.0,18000.0,0,0.0,0.0,-1.0
det_13467080_n,17100.0,18000.0,0,0.0,0.0,-1.0
det_13467080_s,17100.0,18000.0,0,0.0,0.0,-1.0
det_13467080_e,17100.0,18000.0,0,0.0,0.0,-1.0
det_14254942_n,17100.0,18000.0,0,0.0,0.0,-1.0
det_14254942_s,17100.0,18000.0,0,0.0,0.0,-1.0
det_14254942_w,17100.0,18000.0,0,0.0,0.0,-1.0
det_13467425_n,17100.0,18000.0,0,0.0,0.0,-1.0
det_13467425_s,17100.0,18000.0,0,0.0,0.0,-1.0
det_13467425_e,17100.0,18000.0,0,0.0,0.0,-1.0
det_13467160_n,17100.0,18000.0,0,0.0,0.0,-1.0
det_13467160_s,17100.0,18000.0,0,0.0,0.0,-1.0
det_13467160_e,17100.0,18000.0,0,0.0,0.0,-1.0
det_13467132_n,18000.0,18900.0,0,0.0,0.0,-1.0
det_13467132_s,18000.0,18900.0,0,0.0,0.0,-1.0
det_13467132_w,18000.0,18900.0,0,0.0,0.0,-1.0
det_13467037_n,18000.0,18900.0,0,0.0,0.0,-1.0
det_13467037_s,18000.0,18900.0,0,0.0,0.0,-1.0
det_13467037_e,18000.0,18900.0,0,0.0,0.0,-1.0
det_13467239_n,18000.0,18900.0,0,0.0,0.0,-1.0
det_13467239_s,18000.0,18900.0,0,0.0,0.0,-1.0
det_13467239_w,18000.0,18900.0,0,0.0,0.0,-1.0
det_13467327_n,18000.0,18900.0,0,0.0,0.0,-1.0
det_13467327_e,18000.0,18900.0,0,0.0,0.0,-1.0
det_13467327_w,18000.0,18900.0,0,0.0,0.0,-1.0
det_13467080_n,18000.0,18900.0,0,0.0,0.0,-1.0
det_13467080_s,18000.0,18900.0,0,0.0,0.0,-1.0
det_13467080_e,18000.0,18900.0,0,0.0,0.0,-1.0
det_14254942_n,18000.0,18900.0,0,0.0,0.0,-1.0
det_14254942_s,18000.0,18900.0,0,0.0,0.0,-1.0
det_14254942_w,18000.0,18900.0,0,0.0,0.0,-1.0
det_13467425_n,18000.0,18900.0,0,0.0,0.0,-1.0
det_13467425_s,18000.0,18900.0,0,0.0,0.0,-1.0
det_13467425_e,18000.0,18900.0,0,0.0,0.0,-1.0
det_13467160_n,18000.0,18900.0,0,0.0,0.0,-1.0
det_13467160_s,18000.0,18900.0,0,0.0,0.0,-1.0
det_13467160_e,18000.0,18900.0,0,0.0,0.0,-1.0
det_13467132_n,18900.0,19800.0,0,0.0,0.0,-1.0
det_13467132_s,18900.0,19800.0,0,0.0,0.0,-1.0
det_13467132_w,18900.0,19800.0,0,0.0,0.0,-1.0
det_13467037_n,18900.0,19800.0,0,0.0,0.0,-1.0
det_13467037_s,18900.0,19800.0,0,0.0,0.0,-1.0
det_13467037_e,18900.0,19800.0,0,0.0,0.0,-1.0
det_13467239_n,18900.0,19800.0,0,0.0,0.0,-1.0
det_13467239_s,18900.0,19800.0,0,0.0,0.0,-1.0
det_13467239_w,18900.0,19800.0,0,0.0,0.0,-1.0
det_13467327_n,18900.0,19800.0,0,0.0,0.0,-1.0
det_13467327_e,18900.0,19800.0,0,0.0,0.0,-1.0
det_13467327_w,18900.0,19800.0,0,0.0,0.0,-1.0
det_13467080_n,18900.0,19800.0,0,0.0,0.0,-1.0
det_13467080_s,18900.0,19800.0,0,0.0,0.0,-1.0
det_13467080_e,18900.0,19800.0,0,0.0,0.0,-1.0
det_14254942_n,18900.0,19800.0,0,0.0,0.0,-1.0
det_14254942_s,18900.0,19800.0,0,0.0,0.0,-1.0
det_14254942_w,18900.0,19800.0,0,0.0,0.0,-1.0
det_13467425_n,18900.0,19800.0,0,0.0,0.0,-1.0
det_13467425_s,18900.0,19800.0,0,0.0,0.0,-1.0
det_13467425_e,18900.0,19800.0,0,0.0,0.0,-1.0
det_13467160_n,18900.0,19800.0,0,0.0,0.0,-1.0
det_13467160_s,18900.0,19800.0,0,0.0,0.0,-1.0
det_13467160_e,18900.0,19800.0,0,0.0,0.0,-1.0
det_13467132_n,19800.0,20700.0,0,0.0,0.0,-1.0
det_13467132_s,19800.0,20700.0,0,0.0,0.0,-1.0
det_13467132_w,19800.0,20700.0,0,0.0,0.0,-1.0
det_13467037_n,19800.0,20700.0,0,0.0,0.0,-1.0
det_13467037_s,19800.0,20700.0,0,0.0,0.0,-1.0
det_13467037_e,19800.0,20700.0,0,0.0,0.0,-1.0
det_13467239_n,19800.0,20700.0,0,0.0,0.0,-1.0
det_13467239_s,19800.0,20700.0,0,0.0,0.0,-1.0
det_13467239_w,19800.0,20700.0,0,0.0,0.0,-1.0
det_13467327_n,19800.0,20700.0,0,0.0,0.0,-1.0
det_13467327_e,19800.0,20700.0,0,0.0,0.0,-1.0
det_13467327_w,19800.0,20700.0,0,0.0,0.0,-1.0
det_13467080_n,19800.0,20700.0,0,0.0,0.0,-1.0
det_13467080_s,19800.0,20700.0,0,0.0,0.0,-1.0
det_13467080_e,19800.0,20700.0,0,0.0,0.0,-1.0
det_14254942_n,19800.0,20700.0,0,0.0,0.0,-1.0
det_14254942_s,19800.0,20700.0,0,0.0,0.0,-1.0
det_14254942_w,19800.0,20700.0,0,0.0,0.0,-1.0
det_13467425_n,19800.0,20700.0,0,0.0,0.0,-1.0
det_13467425_s,19800.0,20700.0,0,0.0,0.0,-1.0
det_13467425_e,19800.0,20700.0,0,0.0,0.0,-1.0
det_13467160_n,19800.0,20700.0,0,0.0,0.0,-1.0
det_13467160_s,19800.0,20700.0,0,0.0,0.0,-1.0
det_13467160_e,19800.0,20700.0,0,0.0,0.0,-1.0
det_13467132_n,20700.0,21600.0,0,0.0,0.0,-1.0
det_13467132_s,20700.0,21600.0,0,0.0,0.0,-1.0
det_13467132_w,20700.0,21600.0,0,0.0,0.0,-1.0
det_13467037_n,20700.0,21600.0,0,0.0,0.0,-1.0
det_13467037_s,20700.0,21600.0,0,0.0,0.0,-1.0
det_13467037_e,20700.0,21600.0,0,0.0,0.0,-1.0
det_13467239_n,20700.0,21600.0,0,0.0,0.0,-1.0
det_13467239_s,20700.0,21600.0,0,0.0,0.0,-1.0
det_13467239_w,20700.0,21600.0,0,0.0,0.0,-1.0
det_13467327_n,20700.0,21600.0,0,0.0,0.0,-1.0
det_13467327_e,20700.0,21600.0,0,0.0,0.0,-1.0
det_13467327_w,20700.0,21600.0,0,0.0,0.0,-1.0
det_13467080_n,20700.0,21600.0,0,0.0,0.0,-1.0
det_13467080_s,20700.0,21600.0,0,0.0,0.0,-1.0
det_13467080_e,20700.0,21600.0,0,0.0,0.0,-1.0
det_14254942_n,20700.0,21600.0,0,0.0,0.0,-1.0
det_14254942_s,20700.0,21600.0,0,0.0,0.0,-1.0
det_14254942_w,20700.0,21600.0,0,0.0,0.0,-1.0
det_13467425_n,20700.0,21600.0,0,0.0,0.0,-1.0
det_13467425_s,20700.0,21600.0,0,0.0,0.0,-1.0
det_13467425_e,20700.0,21600.0,0,0.0,0.0,-1.0
det_13467160_n,20700.0,21600.0,0,0.0,0.0,-1.0
det_13467160_s,20700.0,21600.0,0,0.0,0.0,-1.0
det_13467160_e,20700.0,21600.0,0,0.0,0.0,-1.0
det_13467132_n,21600.0,22500.0,0,0.0,0.0,-1.0
det_13467132_s,21600.0,22500.0,0,0.0,0.0,-1.0
det_13467132_w,21600.0,22500.0,0,0.0,0.0,-1.0
det_13467037_n,21600.0,22500.0,0,0.0,0.0,-1.0
det_13467037_s,21600.0,22500.0,0,0.0,0.0,-1.0
det_13467037_e,21600.0,22500.0,0,0.0,0.0,-1.0
det_13467239_n,21600.0,22500.0,0,0.0,0.0,-1.0
det_13467239_s,21600.0,22500.0,0,0.0,0.0,-1.0
det_13467239_w,21600.0,22500.0,0,0.0,0.0,-1.0
det_13467327_n,21600.0,22500.0,0,0.0,0.0,-1.0
det_13467327_e,21600.0,22500.0,0,0.0,0.0,-1.0
det_13467327_w,21600.0,22500.0,0,0.0,0.0,-1.0
det_13467080_n,21600.0,22500.0,0,0.0,0.0,-1.0
det_13467080_s,21600.0,22500.0,0,0.0,0.0,-1.0
det_13467080_e,21600.0,22500.0,0,0.0,0.0,-1.0
det_14254942_n,21600.0,22500.0,0,0.0,0.0,-1.0
det_14254942_s,21600.0,22500.0,0,0.0,0.0,-1.0
det_14254942_w,21600.0,22500.0,0,0.0,0.0,-1.0
det_13467425_n,21600.0,22500.0,0,0.0,0.0,-1.0
det_13467425_s,21600.0,22500.0,0,0.0,0.0,-1.0
det_13467425_e,21600.0,22500.0,0,0.0,0.0,-1.0
det_13467160_n,21600.0,22500.0,0,0.0,0.0,-1.0
det_13467160_s,21600.0,22500.0,0,0.0,0.0,-1.0
det_13467160_e,21600.0,22500.0,0,0.0,0.0,-1.0
det_13467132_n,22500.0,23400.0,0,0.0,0.0,-1.0
det_13467132_s,22500.0,23400.0,0,0.0,0.0,-1.0
det_13467132_w,22500.0,23400.0,0,0.0,0.0,-1.0
det_13467037_n,22500.0,23400.0,0,0.0,0.0,-1.0
det_13467037_s,22500.0,23400.0,0,0.0,0.0,-1.0
det_13467037_e,22500.0,23400.0,0,0.0,0.0,-1.0
det_13467239_n,22500.0,23400.0,0,0.0,0.0,-1.0
det_13467239_s,22500.0,23400.0,0,0.0,0.0,-1.0
det_13467239_w,22500.0,23400.0,0,0.0,0.0,-1.0
det_13467327_n,22500.0,23400.0,0,0.0,0.0,-1.0
det_13467327_e,22500.0,23400.0,0,0.0,0.0,-1.0
det_13467327_w,22500.0,23400.0,0,0.0,0.0,-1.0
det_13467080_n,22500.0,23400.0,0,0.0,0.0,-1.0
det_13467080_s,22500.0,23400.0,0,0.0,0.0,-1.0
det_13467080_e,22500.0,23400.0,0,0.0,0.0,-1.0
det_14254942_n,22500.0,23400.0,0,0.0,0.0,-1.0
det_14254942_s,22500.0,23400.0,0,0.0,0.0,-1.0
det_14254942_w,22500.0,23400.0,0,0.0,0.0,-1.0
det_13467425_n,22500.0,23400.0,0,0.0,0.0,-1.0
det_13467425_s,22500.0,23400.0,0,0.0,0.0,-1.0
det_13467425_e,22500.0,23400.0,0,0.0,0.0,-1.0
det_13467160_n,22500.0,23400.0,0,0.0,0.0,-1.0
det_13467160_s,22500.0,23400.0,0,0.0,0.0,-1.0
det_13467160_e,22500.0,23400.0,0,0.0,0.0,-1.0
det_13467132_n,23400.0,24300.0,0,0.0,0.0,-1.0
det_13467132_s,23400.0,24300.0,0,0.0,0.0,-1.0
det_13467132_w,23400.0,24300.0,0,0.0,0.0,-1.0
det_13467037_n,23400.0,24300.0,0,0.0,0.0,-1.0
det_13467037_s,23400.0,24300.0,0,0.0,0.0,-1.0
det_13467037_e,23400.0,24300.0,0,0.0,0.0,-1.0
det_13467239_n,23400.0,24300.0,0,0.0,0.0,-1.0
det_13467239_s,23400.0,24300.0,0,0.0,0.0,-1.0
det_13467239_w,23400.0,24300.0,0,0.0,0.0,-1.0
det_13467327_n,23400.0,24300.0,0,0.0,0.0,-1.0
det_13467327_e,23400.0,24300.0,0,0.0,0.0,-1.0
det_13467327_w,23400.0,24300.0,0,0.0,0.0,-1.0
det_13467080_n,23400.0,24300.0,0,0.0,0.0,-1.0
det_13467080_s,23400.0,24300.0,0,0.0,0.0,-1.0
det_13467080_e,23400.0,24300.0,0,0.0,0.0,-1.0
det_14254942_n,23400.0,24300.0,0,0.0,0.0,-1.0
det_14254942_s,23400.0,24300.0,0,0.0,0.0,-1.0
det_14254942_w,23400.0,24300.0,0,0.0,0.0,-1.0
det_13467425_n,23400.0,24300.0,0,0.0,0.0,-1.0
det_13467425_s,23400.0,24300.0,0,0.0,0.0,-1.0
det_13467425_e,23400.0,24300.0,0,0.0,0.0,-1.0
det_13467160_n,23400.0,24300.0,0,0.0,0.0,-1.0
det_13467160_s,23400.0,24300.0,0,0.0,0.0,-1.0
det_13467160_e,23400.0,24300.0,0,0.0,0.0,-1.0
det_13467132_n,24300.0,25200.0,0,0.0,0.0,-1.0
det_13467132_s,24300.0,25200.0,0,0.0,0.0,-1.0
det_13467132_w,24300.0,25200.0,0,0.0,0.0,-1.0
det_13467037_n,24300.0,25200.0,0,0.0,0.0,-1.0
det_13467037_s,24300.0,25200.0,0,0.0,0.0,-1.0
det_13467037_e,24300.0,25200.0,0,0.0,0.0,-1.0
det_13467239_n,24300.0,25200.0,0,0.0,0.0,-1.0
det_13467239_s,24300.0,25200.0,0,0.0,0.0,-1.0
det_13467239_w,24300.0,25200.0,0,0.0,0.0,-1.0
det_13467327_n,24300.0,25200.0,0,0.0,0.0,-1.0
det_13467327_e,24300.0,25200.0,0,0.0,0.0,-1.0
det_13467327_w,24300.0,25200.0,0,0.0,0.0,-1.0
det_13467080_n,24300.0,25200.0,0,0.0,0.0,-1.0
det_13467080_s,24300.0,25200.0,0,0.0,0.0,-1.0
det_13467080_e,24300.0,25200.0,0,0.0,0.0,-1.0
det_14254942_n,24300.0,25200.0,0,0.0,0.0,-1.0
det_14254942_s,24300.0,25200.0,0,0.0,0.0,-1.0
det_14254942_w,24300.0,25200.0,0,0.0,0.0,-1.0
det_13467425_n,24300.0,25200.0,0,0.0,0.0,-1.0
det_13467425_s,24300.0,25200.0,0,0.0,0.0,-1.0
det_13467425_e,24300.0,25200.0,0,0.0,0.0,-1.0
det_13467160_n,24300.0,25200.0,0,0.0,0.0,-1.0
det_13467160_s,24300.0,25200.0,0,0.0,0.0,-1.0
det_13467160_e,24300.0,25200.0,0,0.0,0.0,-1.0
det_13467132_n,25200.0,26100.0,0,0.0,0.0,-1.0
det_13467132_s,25200.0,26100.0,0,0.0,0.0,-1.0
det_13467132_w,25200.0,26100.0,0,0.0,0.0,-1.0
det_13467037_n,25200.0,26100.0,0,0.0,0.0,-1.0
det_13467037_s,25200.0,26100.0,0,0.0,0.0,-1.0
det_13467037_e,25200.0,26100.0,0,0.0,0.0,-1.0
det_13467239_n,25200.0,26100.0,0,0.0,0.0,-1.0
det_13467239_s,25200.0,26100.0,0,0.0,0.0,-1.0
det_13467239_w,25200.0,26100.0,0,0.0,0.0,-1.0
det_13467327_n,25200.0,26100.0,0,0.0,0.0,-1.0
det_13467327_e,25200.0,26100.0,0,0.0,0.0,-1.0
det_13467327_w,25200.0,26100.0,0,0.0,0.0,-1.0
det_13467080_n,25200.0,26100.0,0,0.0,0.0,-1.0
det_13467080_s,25200.0,26100.0,0,0.0,0.0,-1.0
det_13467080_e,25200.0,26100.0,0,0.0,0.0,-1.0
det_14254942_n,25200.0,26100.0,0,0.0,0.0,-1.0
det_14254942_s,25200.0,26100.0,0,0.0,0.0,-1.0
det_14254942_w,25200.0,26100.0,0,0.0,0.0,-1.0
det_13467425_n,25200.0,26100.0,0,0.0,0.0,-1.0
det_13467425_s,25200.0,26100.0,0,0.0,0.0,-1.0
det_13467425_e,25200.0,26100.0,0,0.0,0.0,-1.0
det_13467160_n,25200.0,26100.0,0,0.0,0.0,-1.0
det_13467160_s,25200.0,26100.0,0,0.0,0.0,-1.0
det_13467160_e,25200.0,26100.0,0,0.0,0.0,-1.0
det_13467132_n,26100.0,27000.0,0,0.0,0.0,-1.0
det_13467132_s,26100.0,27000.0,0,0.0,0.0,-1.0
det_13467132_w,26100.0,27000.0,0,0.0,0.0,-1.0
det_13467037_n,26100.0,27000.0,0,0.0,0.0,-1.0
det_13467037_s,26100.0,27000.0,0,0.0,0.0,-1.0
det_13467037_e,26100.0,27000.0,0,0.0,0.0,-1.0
det_13467239_n,26100.0,27000.0,0,0.0,0.0,-1.0
det_13467239_s,26100.0,27000.0,0,0.0,0.0,-1.0
det_13467239_w,26100.0,27000.0,0,0.0,0.0,-1.0
det_13467327_n,26100.0,27000.0,0,0.0,0.0,-1.0
det_13467327_e,26100.0,27000.0,0,0.0,0.0,-1.0
det_13467327_w,26100.0,27000.0,0,0.0,0.0,-1.0
det_13467080_n,26100.0,27000.0,0,0.0,0.0,-1.0
det_13467080_s,26100.0,27000.0,0,0.0,0.0,-1.0
det_13467080_e,26100.0,27000.0,0,0.0,0.0,-1.0
det_14254942_n,26100.0,27000.0,0,0.0,0.0,-1.0
det_14254942_s,26100.0,27000.0,0,0.0,0.0,-1.0
det_14254942_w,26100.0,27000.0,0,0.0,0.0,-1.0
det_13467425_n,26100.0,27000.0,0,0.0,0.0,-1.0
det_13467425_s,26100.0,27000.0,0,0.0,0.0,-1.0
det_13467425_e,26100.0,27000.0,0,0.0,0.0,-1.0
det_13467160_n,26100.0,27000.0,0,0.0,0.0,-1.0
det_13467160_s,26100.0,27000.0,0,0.0,0.0,-1.0
det_13467160_e,26100.0,27000.0,0,0.0,0.0,-1.0
det_13467132_n,27000.0,27900.0,12,48.0,3.11,2.19
det_13467132_s,27000.0,27900.0,51,204.0,3.73,7.67
det_13467132_w,27000.0,27900.0,11,44.0,0.75,10.95
det_13467037_n,27000.0,27900.0,6,24.0,0.46,7.54
det_13467037_s,27000.0,27900.0,29,116.0,8.08,2.03
det_13467037_e,27000.0,27900.0,0,0.0,0.0,-1.0
det_13467239_n,27000.0,27900.0,6,24.0,0.43,9.29
det_13467239_s,27000.0,27900.0,56,224.0,3.06,10.29
det_13467239_w,27000.0,27900.0,0,0.0,0.0,-1.0
det_13467327_n,27000.0,27900.0,17,68.0,1.35,7.09
det_13467327_e,27000.0,27900.0,4,16.0,0.28,8.0
det_13467327_w,27000.0,27900.0,94,376.0,51.98,6.0
det_13467080_n,27000.0,27900.0,10,40.0,0.62,9.24
det_13467080_s,27000.0,27900.0,27,108.0,1.46,10.32
det_13467080_e,27000.0,27900.0,3,12.0,0.17,9.68
det_14254942_n,27000.0,27900.0,0,0.0,0.0,-1.0
det_14254942_s,27000.0,27900.0,3,12.0,0.22,7.83
det_14254942_w,27000.0,27900.0,18,72.0,0.72,14.76
det_13467425_n,27000.0,27900.0,38,152.0,6.46,3.94
det_13467425_s,27000.0,27900.0,114,456.0,27.75,2.5
det_13467425_e,27000.0,27900.0,17,68.0,2.45,5.27
det_13467160_n,27000.0,27900.0,8,32.0,0.56,7.99
det_13467160_s,27000.0,27900.0,4,16.0,0.36,6.14
det_13467160_e,27000.0,27900.0,3,12.0,0.26,6.33
det_13467132_n,27900.0,28800.0,20,80.0,5.51,2.08
det_13467132_s,27900.0,28800.0,59,236.0,4.46,7.49
det_13467132_w,27900.0,28800.0,19,76.0,1.25,10.48
det_13467037_n,27900.0,28800.0,14,56.0,1.05,7.55
det_13467037_s,27900.0,28800.0,36,144.0,9.66,2.11
det_13467037_e,27900.0,28800.0,0,0.0,0.0,-1.0
det_13467239_n,27900.0,28800.0,11,44.0,0.77,8.7
det_13467239_s,27900.0,28800.0,64,256.0,4.53,9.84
det_13467239_w,27900.0,28800.0,0,0.0,0.0,-1.0
det_13467327_n,27900.0,28800.0,28,112.0,2.36,6.69
det_13467327_e,27900.0,28800.0,6,24.0,0.42,7.91
det_13467327_w,27900.0,28800.0,96,384.0,68.36,5.02
det_13467080_n,27900.0,28800.0,18,72.0,1.33,8.38
det_13467080_s,27900.0,28800.0,31,124.0,1.65,10.56
det_13467080_e,27900.0,28800.0,3,12.0,0.19,8.69
det_14254942_n,27900.0,28800.0,0,0.0,0.0,-1.0
det_14254942_s,27900.0,28800.0,3,12.0,0.24,7.03
det_14254942_w,27900.0,28800.0,18,72.0,0.76,13.44
det_13467425_n,27900.0,28800.0,41,164.0,7.55,3.61
det_13467425_s,27900.0,28800.0,95,380.0,89.1,2.08
det_13467425_e,27900.0,28800.0,31,124.0,5.23,4.25
det_13467160_n,27900.0,28800.0,12,48.0,0.92,7.31
det_13467160_s,27900.0,28800.0,6,24.0,0.56,6.03
det_13467160_e,27900.0,28800.0,3,12.0,0.27,6.1
det_13467132_n,28800.0,29700.0,18,72.0,4.49,2.27
det_13467132_s,28800.0,29700.0,56,224.0,4.12,7.66
det_13467132_w,28800.0,29700.0,18,72.0,1.14,9.88
det_13467037_n,28800.0,29700.0,14,56.0,1.05,7.59
det_13467037_s,28800.0,29700.0,38,152.0,12.07,2.07
det_13467037_e,28800.0,29700.0,0,0.0,0.0,-1.0
det_13467239_n,28800.0,29700.0,6,24.0,0.44,8.99
det_13467239_s,28800.0,29700.0,65,260.0,4.24,9.57
det_13467239_w,28800.0,29700.0,0,0.0,0.0,-1.0
det_13467327_n,28800.0,29700.0,26,104.0,2.19,6.66
det_13467327_e,28800.0,29700.0,4,16.0,0.28,7.82
det_13467327_w,28800.0,29700.0,92,368.0,66.59,5.31
det_13467080_n,28800.0,29700.0,14,56.0,0.82,9.91
det_13467080_s,28800.0,29700.0,33,132.0,1.76,10.5
det_13467080_e,28800.0,29700.0,4,16.0,0.23,9.65
det_14254942_n,28800.0,29700.0,0,0.0,0.0,-1.0
det_14254942_s,28800.0,29700.0,4,16.0,0.33,6.79
det_14254942_w,28800.0,29700.0,16,64.0,0.68,13.62
det_13467425_n,28800.0,29700.0,40,160.0,6.86,3.94
det_13467425_s,28800.0,29700.0,108,432.0,88.89,2.36
det_13467425_e,28800.0,29700.0,27,108.0,4.85,4.18
det_13467160_n,28800.0,29700.0,7,28.0,0.52,7.57
det_13467160_s,28800.0,29700.0,2,8.0,0.19,5.95
det_13467160_e,28800.0,29700.0,1,4.0,0.09,5.88
det_13467132_n,29700.0,30600.0,8,32.0,2.03,2.25
det_13467132_s,29700.0,30600.0,57,228.0,4.44,7.29
det_13467132_w,29700.0,30600.0,24,96.0,1.55,9.99
det_13467037_n,29700.0,30600.0,7,28.0,0.51,7.69
det_13467037_s,29700.0,30600.0,36,144.0,10.13,2.04
det_13467037_e,29700.0,30600.0,0,0.0,0.0,-1.0
det_13467239_n,29700.0,30600.0,11,44.0,0.67,9.59
det_13467239_s,29700.0,30600.0,69,276.0,4.08,9.64
det_13467239_w,29700.0,30600.0,0,0.0,0.0,-1.0
det_13467327_n,29700.0,30600.0,25,100.0,2.08,6.8
det_13467327_e,29700.0,30600.0,3,12.0,0.22,7.76
det_13467327_w,29700.0,30600.0,93,372.0,61.38,5.36
det_13467080_n,29700.0,30600.0,20,80.0,1.32,9.07
det_13467080_s,29700.0,30600.0,38,152.0,2.1,10.24
det_13467080_e,29700.0,30600.0,8,32.0,0.49,9.14
det_14254942_n,29700.0,30600.0,0,0.0,0.0,-1.0
det_14254942_s,29700.0,30600.0,4,16.0,0.31,7.34
det_14254942_w,29700.0,30600.0,23,92.0,0.85,15.9
det_13467425_n,29700.0,30600.0,35,140.0,5.36,4.95
det_13467425_s,29700.0,30600.0,114,456.0,87.33,2.35
det_13467425_e,29700.0,30600.0,23,92.0,3.56,4.63
det_13467160_n,29700.0,30600.0,13,52.0,0.95,7.68
det_13467160_s,29700.0,30600.0,9,36.0,0.81,6.17
det_13467160_e,29700.0,30600.0,4,16.0,0.38,5.8
det_13467132_n,30600.0,31500.0,10,40.0,2.73,2.08
det_13467132_s,30600.0,31500.0,44,176.0,3.4,7.28
det_13467132_w,30600.0,31500.0,19,76.0,1.15,9.81
det_13467037_n,30600.0,31500.0,8,32.0,0.58,7.74
det_13467037_s,30600.0,31500.0,22,88.0,6.53,1.91
det_13467037_e,30600.0,31500.0,0,0.0,0.0,-1.0
det_13467239_n,30600.0,31500.0,7,28.0,0.39,10.08
det_13467239_s,30600.0,31500.0,57,228.0,3.66,9.47
det_13467239_w,30600.0,31500.0,0,0.0,0.0,-1.0
det_13467327_n,30600.0,31500.0,25,100.0,2.11,6.65
det_13467327_e,30600.0,31500.0,2,8.0,0.15,7.53
det_13467327_w,30600.0,31500.0,90,360.0,72.54,4.59
det_13467080_n,30600.0,31500.0,16,64.0,1.33,7.86
det_13467080_s,30600.0,31500.0,35,140.0,1.97,10.29
det_13467080_e,30600.0,31500.0,4,16.0,0.28,7.96
det_14254942_n,30600.0,31500.0,0,0.0,0.0,-1.0
det_14254942_s,30600.0,31500.0,5,20.0,0.39,7.17
det_14254942_w,30600.0,31500.0,17,68.0,0.75,12.93
det_13467425_n,30600.0,31500.0,31,124.0,4.61,4.88
det_13467425_s,30600.0,31500.0,75,300.0,93.18,2.3
det_13467425_e,30600.0,31500.0,31,124.0,5.52,4.54
det_13467160_n,30600.0,31500.0,9,36.0,0.69,7.3
det_13467160_s,30600.0,31500.0,6,24.0,0.55,6.1
det_13467160_e,30600.0,31500.0,4,16.0,0.37,6.07
det_13467132_n,31500.0,32400.0,12,48.0,3.5,1.96
det_13467132_s,31500.0,32400.0,52,208.0,3.86,7.56
det_13467132_w,31500.0,32400.0,19,76.0,0.98,11.02
det_13467037_n,31500.0,32400.0,6,24.0,0.43,7.87
det_13467037_s,31500.0,32400.0,38,152.0,10.37,2.07
det_13467037_e,31500.0,32400.0,0,0.0,0.0,-1.0
det_13467239_n,31500.0,32400.0,12,48.0,0.67,10.17
det_13467239_s,31500.0,32400.0,66,264.0,3.8,10.16
det_13467239_w,31500.0,32400.0,0,0.0,0.0,-1.0
det_13467327_n,31500.0,32400.0,19,76.0,1.53,6.96
det_13467327_e,31500.0,32400.0,2,8.0,0.14,7.92
det_13467327_w,31500.0,32400.0,94,376.0,68.77,5.25
det_13467080_n,31500.0,32400.0,10,40.0,0.74,8.75
det_13467080_s,31500.0,32400.0,33,132.0,1.82,10.25
det_13467080_e,31500.0,32400.0,3,12.0,0.17,9.91
det_14254942_n,31500.0,32400.0,0,0.0,0.0,-1.0
det_14254942_s,31500.0,32400.0,4,16.0,0.28,7.97
det_14254942_w,31500.0,32400.0,21,84.0,0.83,15.47
det_13467425_n,31500.0,32400.0,36,144.0,6.12,4.3
det_13467425_s,31500.0,32400.0,104,416.0,89.25,2.3
det_13467425_e,31500.0,32400.0,22,88.0,3.87,4.06
det_13467160_n,31500.0,32400.0,9,36.0,0.64,7.85
det_13467160_s,31500.0,32400.0,5,20.0,0.47,5.95
det_13467160_e,31500.0,32400.0,3,12.0,0.28,6.11
det_13467132_n,32400.0,33300.0,6,24.0,1.45,2.35
det_13467132_s,32400.0,33300.0,37,148.0,2.81,7.48
det_13467132_w,32400.0,33300.0,14,56.0,0.94,9.29
det_13467037_n,32400.0,33300.0,6,24.0,0.5,6.77
det_13467037_s,32400.0,33300.0,28,112.0,7.56,2.1
det_13467037_e,32400.0,33300.0,0,0.0,0.0,-1.0
det_13467239_n,32400.0,33300.0,10,40.0,0.52,10.71
det_13467239_s,32400.0,33300.0,62,248.0,3.78,9.62
det_13467239_w,32400.0,33300.0,0,0.0,0.0,-1.0
det_13467327_n,32400.0,33300.0,12,48.0,1.06,6.41
det_13467327_e,32400.0,33300.0,2,8.0,0.15,7.32
det_13467327_w,32400.0,33300.0,85,340.0,72.71,4.3
det_13467080_n,32400.0,33300.0,20,80.0,1.52,8.8
det_13467080_s,32400.0,33300.0,36,144.0,1.94,10.43
det_13467080_e,32400.0,33300.0,0,0.0,0.0,-1.0
det_14254942_n,32400.0,33300.0,0,0.0,0.0,-1.0
det_14254942_s,32400.0,33300.0,2,8.0,0.15,7.63
det_14254942_w,32400.0,33300.0,15,60.0,0.58,15.62
det_13467425_n,32400.0,33300.0,43,172.0,6.81,5.22
det_13467425_s,32400.0,33300.0,91,364.0,91.49,2.27
det_13467425_e,32400.0,33300.0,25,100.0,4.55,4.0
det_13467160_n,32400.0,33300.0,6,24.0,0.47,7.09
det_13467160_s,32400.0,33300.0,5,20.0,0.45,6.24
det_13467160_e,32400.0,33300.0,3,12.0,0.27,6.18
det_13467132_n,33300.0,34200.0,21,84.0,5.76,2.06
det_13467132_s,33300.0,34200.0,52,208.0,3.91,7.48
det_13467132_w,33300.0,34200.0,32,128.0,2.0,10.44
det_13467037_n,33300.0,34200.0,11,44.0,0.88,7.05
det_13467037_s,33300.0,34200.0,42,168.0,11.54,2.09
det_13467037_e,33300.0,34200.0,0,0.0,0.0,-1.0
det_13467239_n,33300.0,34200.0,9,36.0,0.6,9.37
det_13467239_s,33300.0,34200.0,95,380.0,6.37,9.15
det_13467239_w,33300.0,34200.0,0,0.0,0.0,-1.0
det_13467327_n,33300.0,34200.0,32,128.0,2.67,6.75
det_13467327_e,33300.0,34200.0,5,20.0,0.36,7.66
det_13467327_w,33300.0,34200.0,93,372.0,62.77,5.74
det_13467080_n,33300.0,34200.0,17,68.0,1.27,8.67
det_13467080_s,33300.0,34200.0,43,172.0,2.36,10.26
det_13467080_e,33300.0,34200.0,2,8.0,0.14,8.44
det_14254942_n,33300.0,34200.0,0,0.0,0.0,-1.0
det_14254942_s,33300.0,34200.0,1,4.0,0.08,7.37
det_14254942_w,33300.0,34200.0,20,80.0,0.88,13.26
det_13467425_n,33300.0,34200.0,39,156.0,5.51,5.53
det_13467425_s,33300.0,34200.0,131,524.0,86.41,2.5
det_13467425_e,33300.0,34200.0,29,116.0,5.06,4.39
det_13467160_n,33300.0,34200.0,9,36.0,0.7,7.14
det_13467160_s,33300.0,34200.0,2,8.0,0.19,5.85
det_13467160_e,33300.0,34200.0,3,12.0,0.3,5.57
det_13467132_n,34200.0,35100.0,14,56.0,3.78,2.1
det_13467132_s,34200.0,35100.0,65,260.0,4.82,7.59
det_13467132_w,34200.0,35100.0,22,88.0,1.29,10.64
det_13467037_n,34200.0,35100.0,8,32.0,0.66,6.79
det_13467037_s,34200.0,35100.0,48,192.0,15.38,2.08
det_13467037_e,34200.0,35100.0,0,0.0,0.0,-1.0
det_13467239_n,34200.0,35100.0,7,28.0,0.53,8.44
det_13467239_s,34200.0,35100.0,56,224.0,3.4,9.79
det_13467239_w,34200.0,35100.0,0,0.0,0.0,-1.0
det_13467327_n,34200.0,35100.0,35,140.0,2.87,6.86
det_13467327_e,34200.0,35100.0,5,20.0,0.35,7.91
det_13467327_w,34200.0,35100.0,95,380.0,72.03,4.81
det_13467080_n,34200.0,35100.0,9,36.0,0.5,9.99
det_13467080_s,34200.0,35100.0,27,108.0,1.5,10.17
det_13467080_e,34200.0,35100.0,3,12.0,0.2,8.97
det_14254942_n,34200.0,35100.0,0,0.0,0.0,-1.0
det_14254942_s,34200.0,35100.0,3,12.0,0.26,6.52
det_14254942_w,34200.0,35100.0,15,60.0,0.54,16.18
det_13467425_n,34200.0,35100.0,11,44.0,0.61,10.08
det_13467425_s,34200.0,35100.0,104,416.0,92.58,2.43
det_13467425_e,34200.0,35100.0,17,68.0,1.65,7.15
det_13467160_n,34200.0,35100.0,7,28.0,0.53,7.37
det_13467160_s,34200.0,35100.0,3,12.0,0.28,5.92
det_13467160_e,34200.0,35100.0,3,12.0,0.27,6.16
det_13467132_n,35100.0,36000.0,12,48.0,3.18,2.15
det_13467132_s,35100.0,36000.0,45,180.0,3.6,7.12
det_13467132_w,35100.0,36000.0,11,44.0,0.81,10.09
det_13467037_n,35100.0,36000.0,4,16.0,0.3,7.49
det_13467037_s,35100.0,36000.0,19,76.0,5.2,2.06
det_13467037_e,35100.0,36000.0,0,0.0,0.0,-1.0
det_13467239_n,35100.0,36000.0,6,24.0,0.5,7.86
det_13467239_s,35100.0,36000.0,30,120.0,1.67,10.13
det_13467239_w,35100.0,36000.0,0,0.0,0.0,-1.0
det_13467327_n,35100.0,36000.0,26,104.0,2.18,6.72
det_13467327_e,35100.0,36000.0,1,4.0,0.08,7.11
det_13467327_w,35100.0,36000.0,71,284.0,54.08,5.19
det_13467080_n,35100.0,36000.0,5,20.0,0.28,9.91
det_13467080_s,35100.0,36000.0,11,44.0,0.57,10.72
det_13467080_e,35100.0,36000.0,3,12.0,0.19,8.93
det_14254942_n,35100.0,36000.0,0,0.0,0.0,-1.0
det_14254942_s,35100.0,36000.0,5,20.0,0.37,7.73
det_14254942_w,35100.0,36000.0,17,68.0,0.68,14.29
det_13467425_n,35100.0,36000.0,4,16.0,0.23,10.02
det_13467425_s,35100.0,36000.0,36,144.0,51.11,2.24
det_13467425_e,35100.0,36000.0,13,52.0,0.98,7.72
det_13467160_n,35100.0,36000.0,10,40.0,0.77,7.29
det_13467160_s,35100.0,36000.0,8,32.0,0.72,6.23
det_13467160_e,35100.0,36000.0,2,8.0,0.19,5.86
det_13467132_n,36000.0,36900.0,10,40.0,2.63,2.19
det_13467132_s,36000.0,36900.0,36,144.0,2.92,6.96
det_13467132_w,36000.0,36900.0,20,80.0,1.15,10.65
det_13467037_n,36000.0,36900.0,7,28.0,0.55,7.1
det_13467037_s,36000.0,36900.0,26,104.0,7.08,2.12
det_13467037_e,36000.0,36900.0,0,0.0,0.0,-1.0
det_13467239_n,36000.0,36900.0,4,16.0,0.23,9.54
det_13467239_s,36000.0,36900.0,60,240.0,4.26,9.8
det_13467239_w,36000.0,36900.0,0,0.0,0.0,-1.0
det_13467327_n,36000.0,36900.0,20,80.0,1.59,7.1
det_13467327_e,36000.0,36900.0,1,4.0,0.08,7.27
det_13467327_w,36000.0,36900.0,86,344.0,30.05,6.54
det_13467080_n,36000.0,36900.0,8,32.0,0.62,7.91
det_13467080_s,36000.0,36900.0,25,100.0,1.36,10.3
det_13467080_e,36000.0,36900.0,1,4.0,0.07,8.28
det_14254942_n,36000.0,36900.0,0,0.0,0.0,-1.0
det_14254942_s,36000.0,36900.0,5,20.0,0.36,7.77
det_14254942_w,36000.0,36900.0,16,64.0,0.64,15.21
det_13467425_n,36000.0,36900.0,40,160.0,7.93,3.5
det_13467425_s,36000.0,36900.0,102,408.0,20.47,2.91
det_13467425_e,36000.0,36900.0,23,92.0,3.76,4.37
det_13467160_n,36000.0,36900.0,7,28.0,0.55,7.15
det_13467160_s,36000.0,36900.0,5,20.0,0.43,6.44
det_13467160_e,36000.0,36900.0,4,16.0,0.36,6.24
det_13467132_n,36900.0,37800.0,8,32.0,1.94,2.31
det_13467132_s,36900.0,37800.0,43,172.0,3.19,7.58
det_13467132_w,36900.0,37800.0,23,92.0,1.42,10.34
det_13467037_n,36900.0,37800.0,9,36.0,0.65,7.76
det_13467037_s,36900.0,37800.0,23,92.0,6.0,2.2
det_13467037_e,36900.0,37800.0,0,0.0,0.0,-1.0
det_13467239_n,36900.0,37800.0,8,32.0,0.55,9.19
det_13467239_s,36900.0,37800.0,56,224.0,3.21,9.86
det_13467239_w,36900.0,37800.0,0,0.0,0.0,-1.0
det_13467327_n,36900.0,37800.0,29,116.0,2.29,7.15
det_13467327_e,36900.0,37800.0,2,8.0,0.16,6.82
det_13467327_w,36900.0,37800.0,87,348.0,68.19,5.17
det_13467080_n,36900.0,37800.0,19,76.0,1.3,9.0
det_13467080_s,36900.0,37800.0,24,96.0,1.5,9.62
det_13467080_e,36900.0,37800.0,7,28.0,0.43,9.09
det_14254942_n,36900.0,37800.0,0,0.0,0.0,-1.0
det_14254942_s,36900.0,37800.0,1,4.0,0.06,9.19
det_14254942_w,36900.0,37800.0,12,48.0,0.48,14.19
det_13467425_n,36900.0,37800.0,40,160.0,7.07,3.87
det_13467425_s,36900.0,37800.0,105,420.0,26.75,2.4
det_13467425_e,36900.0,37800.0,19,76.0,4.04,3.8
det_13467160_n,36900.0,37800.0,4,16.0,0.31,7.36
det_13467160_s,36900.0,37800.0,2,8.0,0.17,6.56
det_13467160_e,36900.0,37800.0,1,4.0,0.1,5.59
det_13467132_n,37800.0,38700.0,16,64.0,4.54,2.01
det_13467132_s,37800.0,38700.0,55,220.0,4.19,7.4
det_13467132_w,37800.0,38700.0,20,80.0,1.2,10.83
det_13467037_n,37800.0,38700.0,10,40.0,0.83,6.8
det_13467037_s,37800.0,38700.0,38,152.0,10.25,2.1
det_13467037_e,37800.0,38700.0,0,0.0,0.0,-1.0
det_13467239_n,37800.0,38700.0,6,24.0,0.48,8.44
det_13467239_s,37800.0,38700.0,60,240.0,3.46,9.9
det_13467239_w,37800.0,38700.0,0,0.0,0.0,-1.0
det_13467327_n,37800.0,38700.0,26,104.0,2.09,6.99
det_13467327_e,37800.0,38700.0,7,28.0,0.52,7.71
det_13467327_w,37800.0,38700.0,92,368.0,68.84,5.25
det_13467080_n,37800.0,38700.0,16,64.0,1.06,9.14
det_13467080_s,37800.0,38700.0,31,124.0,1.89,9.64
det_13467080_e,37800.0,38700.0,3,12.0,0.18,9.15
det_14254942_n,37800.0,38700.0,0,0.0,0.0,-1.0
det_14254942_s,37800.0,38700.0,3,12.0,0.23,7.4
det_14254942_w,37800.0,38700.0,20,80.0,2.12,12.54
det_13467425_n,37800.0,38700.0,38,152.0,6.97,3.66
det_13467425_s,37800.0,38700.0,109,436.0,60.22,2.39
det_13467425_e,37800.0,38700.0,22,88.0,3.23,5.01
det_13467160_n,37800.0,38700.0,13,52.0,1.02,7.24
det_13467160_s,37800.0,38700.0,4,16.0,0.38,5.85
det_13467160_e,37800.0,38700.0,4,16.0,0.35,6.35
det_13467132_n,38700.0,39600.0,16,64.0,4.52,2.04
det_13467132_s,38700.0,39600.0,52,208.0,3.89,7.52
det_13467132_w,38700.0,39600.0,13,52.0,0.81,10.32
det_13467037_n,38700.0,39600.0,12,48.0,1.04,6.54
det_13467037_s,38700.0,39600.0,38,152.0,10.48,2.07
det_13467037_e,38700.0,39600.0,0,0.0,0.0,-1.0
det_13467239_n,38700.0,39600.0,10,40.0,0.72,8.89
det_13467239_s,38700.0,39600.0,49,196.0,2.87,9.78
det_13467239_w,38700.0,39600.0,0,0.0,0.0,-1.0
det_13467327_n,38700.0,39600.0,21,84.0,1.81,6.52
det_13467327_e,38700.0,39600.0,3,12.0,0.23,7.2
det_13467327_w,38700.0,39600.0,95,380.0,72.83,4.79
det_13467080_n,38700.0,39600.0,17,68.0,1.17,8.93
det_13467080_s,38700.0,39600.0,29,116.0,1.62,10.06
det_13467080_e,38700.0,39600.0,4,16.0,0.24,9.68
det_14254942_n,38700.0,39600.0,0,0.0,0.0,-1.0
det_14254942_s,38700.0,39600.0,7,28.0,0.55,7.21
det_14254942_w,38700.0,39600.0,13,52.0,0.54,13.74
det_13467425_n,38700.0,39600.0,40,160.0,5.27,5.65
det_13467425_s,38700.0,39600.0,85,340.0,90.84,2.16
det_13467425_e,38700.0,39600.0,22,88.0,3.71,4.45
det_13467160_n,38700.0,39600.0,9,36.0,0.69,7.29
det_13467160_s,38700.0,39600.0,8,32.0,0.7,6.42
det_13467160_e,38700.0,39600.0,4,16.0,0.36,6.3
det_13467132_n,39600.0,40500.0,16,64.0,4.16,2.18
det_13467132_s,39600.0,40500.0,57,228.0,4.32,7.41
det_13467132_w,39600.0,40500.0,15,60.0,0.97,10.27
det_13467037_n,39600.0,40500.0,9,36.0,0.67,7.52
det_13467037_s,39600.0,40500.0,34,136.0,10.0,1.96
det_13467037_e,39600.0,40500.0,0,0.0,0.0,-1.0
det_13467239_n,39600.0,40500.0,10,40.0,0.75,8.42
det_13467239_s,39600.0,40500.0,56,224.0,3.19,10.09
det_13467239_w,39600.0,40500.0,0,0.0,0.0,-1.0
det_13467327_n,39600.0,40500.0,27,108.0,2.28,6.86
det_13467327_e,39600.0,40500.0,2,8.0,0.16,6.96
det_13467327_w,39600.0,40500.0,94,376.0,71.72,4.7
det_13467080_n,39600.0,40500.0,14,56.0,1.16,8.12
det_13467080_s,39600.0,40500.0,31,124.0,1.67,10.43
det_13467080_e,39600.0,40500.0,7,28.0,0.41,9.77
det_14254942_n,39600.0,40500.0,0,0.0,0.0,-1.0
det_14254942_s,39600.0,40500.0,1,4.0,0.06,8.69
det_14254942_w,39600.0,40500.0,17,68.0,0.65,15.19
det_13467425_n,39600.0,40500.0,45,180.0,8.01,4.22
det_13467425_s,39600.0,40500.0,80,320.0,93.05,2.32
det_13467425_e,39600.0,40500.0,22,88.0,3.68,4.72
det_13467160_n,39600.0,40500.0,6,24.0,0.45,7.47
det_13467160_s,39600.0,40500.0,4,16.0,0.34,6.52
det_13467160_e,39600.0,40500.0,1,4.0,0.08,6.74
det_13467132_n,40500.0,41400.0,14,56.0,3.9,2.05
det_13467132_s,40500.0,41400.0,57,228.0,4.29,7.47
det_13467132_w,40500.0,41400.0,19,76.0,1.17,10.44
det_13467037_n,40500.0,41400.0,8,32.0,0.6,7.46
det_13467037_s,40500.0,41400.0,37,148.0,9.91,2.12
det_13467037_e,40500.0,41400.0,0,0.0,0.0,-1.0
det_13467239_n,40500.0,41400.0,11,44.0,0.72,9.39
det_13467239_s,40500.0,41400.0,53,212.0,3.3,9.82
det_13467239_w,40500.0,41400.0,0,0.0,0.0,-1.0
det_13467327_n,40500.0,41400.0,21,84.0,1.75,6.63
det_13467327_e,40500.0,41400.0,6,24.0,0.45,7.55
det_13467327_w,40500.0,41400.0,93,372.0,71.58,4.88
det_13467080_n,40500.0,41400.0,14,56.0,0.98,8.61
det_13467080_s,40500.0,41400.0,21,84.0,1.16,10.23
det_13467080_e,40500.0,41400.0,4,16.0,0.24,9.24
det_14254942_n,40500.0,41400.0,0,0.0,0.0,-1.0
det_14254942_s,40500.0,41400.0,6,24.0,0.44,7.67
det_14254942_w,40500.0,41400.0,21,84.0,0.89,13.44
det_13467425_n,40500.0,41400.0,31,124.0,5.31,4.1
det_13467425_s,40500.0,41400.0,99,396.0,91.18,2.2
det_13467425_e,40500.0,41400.0,21,84.0,3.97,3.74
det_13467160_n,40500.0,41400.0,15,60.0,1.09,7.68
det_13467160_s,40500.0,41400.0,8,32.0,0.75,5.92
det_13467160_e,40500.0,41400.0,7,28.0,0.64,6.09
det_13467132_n,41400.0,42300.0,14,56.0,3.75,2.13
det_13467132_s,41400.0,42300.0,44,176.0,3.1,7.94
det_13467132_w,41400.0,42300.0,27,108.0,1.74,10.15
det_13467037_n,41400.0,42300.0,15,60.0,1.15,7.37
det_13467037_s,41400.0,42300.0,28,112.0,7.4,2.13
det_13467037_e,41400.0,42300.0,0,0.0,0.0,-1.0
det_13467239_n,41400.0,42300.0,9,36.0,0.57,9.87
det_13467239_s,41400.0,42300.0,74,296.0,5.49,9.12
det_13467239_w,41400.0,42300.0,0,0.0,0.0,-1.0
det_13467327_n,41400.0,42300.0,32,128.0,2.49,7.22
det_13467327_e,41400.0,42300.0,5,20.0,0.35,7.99
det_13467327_w,41400.0,42300.0,90,360.0,67.28,5.07
det_13467080_n,41400.0,42300.0,15,60.0,0.92,9.29
det_13467080_s,41400.0,42300.0,30,120.0,1.67,10.17
det_13467080_e,41400.0,42300.0,4,16.0,0.26,9.37
det_14254942_n,41400.0,42300.0,0,0.0,0.0,-1.0
det_14254942_s,41400.0,42300.0,2,8.0,0.14,8.21
det_14254942_w,41400.0,42300.0,14,56.0,0.56,14.55
det_13467425_n,41400.0,42300.0,65,260.0,11.39,4.39
det_13467425_s,41400.0,42300.0,115,460.0,91.07,2.38
det_13467425_e,41400.0,42300.0,30,120.0,4.5,5.07
det_13467160_n,41400.0,42300.0,7,28.0,0.5,7.78
det_13467160_s,41400.0,42300.0,5,20.0,0.47,5.98
det_13467160_e,41400.0,42300.0,5,20.0,0.42,6.65
det_13467132_n,42300.0,43200.0,8,32.0,2.14,2.15
det_13467132_s,42300.0,43200.0,51,204.0,3.87,7.41
det_13467132_w,42300.0,43200.0,21,84.0,1.15,10.51
det_13467037_n,42300.0,43200.0,7,28.0,0.58,6.89
det_13467037_s,42300.0,43200.0,34,136.0,9.66,2.03
det_13467037_e,42300.0,43200.0,0,0.0,0.0,-1.0
det_13467239_n,42300.0,43200.0,12,48.0,0.67,10.02
det_13467239_s,42300.0,43200.0,56,224.0,3.79,9.74
det_13467239_w,42300.0,43200.0,0,0.0,0.0,-1.0
det_13467327_n,42300.0,43200.0,27,108.0,2.23,6.85
det_13467327_e,42300.0,43200.0,1,4.0,0.08,7.01
det_13467327_w,42300.0,43200.0,91,364.0,74.8,4.88
det_13467080_n,42300.0,43200.0,13,52.0,1.02,8.07
det_13467080_s,42300.0,43200.0,29,116.0,1.64,9.92
det_13467080_e,42300.0,43200.0,1,4.0,0.08,6.63
det_14254942_n,42300.0,43200.0,0,0.0,0.0,-1.0
det_14254942_s,42300.0,43200.0,1,4.0,0.07,7.71
det_14254942_w,42300.0,43200.0,8,32.0,0.3,15.44
det_13467425_n,42300.0,43200.0,55,220.0,9.58,4.76
det_13467425_s,42300.0,43200.0,89,356.0,93.6,2.27
det_13467425_e,42300.0,43200.0,24,96.0,4.31,4.18
det_13467160_n,42300.0,43200.0,3,12.0,0.21,7.86
det_13467160_s,42300.0,43200.0,2,8.0,0.18,6.2
det_13467160_e,42300.0,43200.0,0,0.0,0.0,-1.0
det_13467132_n,43200.0,44100.0,6,24.0,1.74,1.93
det_13467132_s,43200.0,44100.0,49,196.0,3.75,7.36
det_13467132_w,43200.0,44100.0,7,28.0,0.43,9.76
det_13467037_n,43200.0,44100.0,3,12.0,0.23,7.3
det_13467037_s,43200.0,44100.0,26,104.0,6.82,2.21
det_13467037_e,43200.0,44100.0,0,0.0,0.0,-1.0
det_13467239_n,43200.0,44100.0,2,8.0,0.11,10.61
det_13467239_s,43200.0,44100.0,16,64.0,0.88,10.14
det_13467239_w,43200.0,44100.0,0,0.0,0.0,-1.0
det_13467327_n,43200.0,44100.0,20,80.0,1.7,6.6
det_13467327_e,43200.0,44100.0,2,8.0,0.14,8.07
det_13467327_w,43200.0,44100.0,91,364.0,74.91,5.25
det_13467080_n,43200.0,44100.0,5,20.0,0.32,9.31
det_13467080_s,43200.0,44100.0,5,20.0,0.27,10.4
det_13467080_e,43200.0,44100.0,1,4.0,0.07,7.8
det_14254942_n,43200.0,44100.0,0,0.0,0.0,-1.0
det_14254942_s,43200.0,44100.0,1,4.0,0.09,6.21
det_14254942_w,43200.0,44100.0,9,36.0,0.34,15.2
det_13467425_n,43200.0,44100.0,2,8.0,0.09,12.23
det_13467425_s,43200.0,44100.0,19,76.0,23.52,2.46
det_13467425_e,43200.0,44100.0,6,24.0,0.53,7.4
det_13467160_n,43200.0,44100.0,6,24.0,0.46,7.32
det_13467160_s,43200.0,44100.0,4,16.0,0.39,5.73
det_13467160_e,43200.0,44100.0,0,0.0,0.0,-1.0
det_13467132_n,44100.0,45000.0,3,12.0,0.81,2.05
det_13467132_s,44100.0,45000.0,11,44.0,0.79,7.85
det_13467132_w,44100.0,45000.0,0,0.0,0.0,-1.0
det_13467037_n,44100.0,45000.0,2,8.0,0.14,7.92
det_13467037_s,44100.0,45000.0,7,28.0,1.82,2.2
det_13467037_e,44100.0,45000.0,0,0.0,0.0,-1.0
det_13467239_n,44100.0,45000.0,2,8.0,0.2,6.79
det_13467239_s,44100.0,45000.0,2,8.0,0.12,9.28
det_13467239_w,44100.0,45000.0,0,0.0,0.0,-1.0
det_13467327_n,44100.0,45000.0,2,8.0,0.16,6.78
det_13467327_e,44100.0,45000.0,1,4.0,0.06,9.42
det_13467327_w,44100.0,45000.0,7,28.0,2.07,6.84
det_13467080_n,44100.0,45000.0,2,8.0,0.1,10.78
det_13467080_s,44100.0,45000.0,2,8.0,0.1,10.67
det_13467080_e,44100.0,45000.0,1,4.0,0.05,10.27
det_14254942_n,44100.0,45000.0,0,0.0,0.0,-1.0
det_14254942_s,44100.0,45000.0,3,12.0,0.21,7.86
det_14254942_w,44100.0,45000.0,3,12.0,0.16,11.21
det_13467425_n,44100.0,45000.0,0,0.0,0.0,-1.0
det_13467425_s,44100.0,45000.0,0,0.0,0.0,-1.0
det_13467425_e,44100.0,45000.0,2,8.0,0.15,7.57
det_13467160_n,44100.0,45000.0,3,12.0,0.2,8.4
det_13467160_s,44100.0,45000.0,3,12.0,0.29,5.67
det_13467160_e,44100.0,45000.0,1,4.0,0.1,5.84
det_13467132_n,45000.0,45900.0,0,0.0,0.0,-1.0
det_13467132_s,45000.0,45900.0,0,0.0,0.0,-1.0
det_13467132_w,45000.0,45900.0,0,0.0,0.0,-1.0
det_13467037_n,45000.0,45900.0,0,0.0,0.0,-1.0
det_13467037_s,45000.0,45900.0,0,0.0,0.0,-1.0
det_13467037_e,45000.0,45900.0,0,0.0,0.0,-1.0
det_13467239_n,45000.0,45900.0,0,0.0,0.0,-1.0
det_13467239_s,45000.0,45900.0,0,0.0,0.0,-1.0
det_13467239_w,45000.0,45900.0,0,0.0,0.0,-1.0
det_13467327_n,45000.0,45900.0,0,0.0,0.0,-1.0
det_13467327_e,45000.0,45900.0,0,0.0,0.0,-1.0
det_13467327_w,45000.0,45900.0,0,0.0,0.0,-1.0
det_13467080_n,45000.0,45900.0,0,0.0,0.0,-1.0
det_13467080_s,45000.0,45900.0,0,0.0,0.0,-1.0
det_13467080_e,45000.0,45900.0,0,0.0,0.0,-1.0
det_14254942_n,45000.0,45900.0,0,0.0,0.0,-1.0
det_14254942_s,45000.0,45900.0,0,0.0,0.0,-1.0
det_14254942_w,45000.0,45900.0,0,0.0,0.0,-1.0
det_13467425_n,45000.0,45900.0,0,0.0,0.0,-1.0
det_13467425_s,45000.0,45900.0,0,0.0,0.0,-1.0
det_13467425_e,45000.0,45900.0,0,0.0,0.0,-1.0
det_13467160_n,45000.0,45900.0,0,0.0,0.0,-1.0
det_13467160_s,45000.0,45900.0,0,0.0,0.0,-1.0
det_13467160_e,45000.0,45900.0,0,0.0,0.0,-1.0
det_13467132_n,45900.0,46800.0,0,0.0,0.0,-1.0
det_13467132_s,45900.0,46800.0,0,0.0,0.0,-1.0
det_13467132_w,45900.0,46800.0,0,0.0,0.0,-1.0
det_13467037_n,45900.0,46800.0,0,0.0,0.0,-1.0
det_13467037_s,45900.0,46800.0,0,0.0,0.0,-1.0
det_13467037_e,45900.0,46800.0,0,0.0,0.0,-1.0
det_13467239_n,45900.0,46800.0,0,0.0,0.0,-1.0
det_13467239_s,45900.0,46800.0,0,0.0,0.0,-1.0
det_13467239_w,45900.0,46800.0,0,0.0,0.0,-1.0
det_13467327_n,45900.0,46800.0,0,0.0,0.0,-1.0
det_13467327_e,45900.0,46800.0,0,0.0,0.0,-1.0
det_13467327_w,45900.0,46800.0,0,0.0,0.0,-1.0
det_13467080_n,45900.0,46800.0,0,0.0,0.0,-1.0
det_13467080_s,45900.0,46800.0,0,0.0,0.0,-1.0
det_13467080_e,45900.0,46800.0,0,0.0,0.0,-1.0
det_14254942_n,45900.0,46800.0,0,0.0,0.0,-1.0
det_14254942_s,45900.0,46800.0,0,0.0,0.0,-1.0
det_14254942_w,45900.0,46800.0,0,0.0,0.0,-1.0
det_13467425_n,45900.0,46800.0,0,0.0,0.0,-1.0
det_13467425_s,45900.0,46800.0,0,0.0,0.0,-1.0
det_13467425_e,45900.0,46800.0,0,0.0,0.0,-1.0
det_13467160_n,45900.0,46800.0,0,0.0,0.0,-1.0
det_13467160_s,45900.0,46800.0,0,0.0,0.0,-1.0
det_13467160_e,45900.0,46800.0,0,0.0,0.0,-1.0
det_13467132_n,46800.0,47700.0,12,48.0,3.28,2.07
det_13467132_s,46800.0,47700.0,57,228.0,4.34,7.39
det_13467132_w,46800.0,47700.0,11,44.0,0.78,9.72
det_13467037_n,46800.0,47700.0,12,48.0,0.87,7.7
det_13467037_s,46800.0,47700.0,33,132.0,9.17,2.06
det_13467037_e,46800.0,47700.0,0,0.0,0.0,-1.0
det_13467239_n,46800.0,47700.0,12,48.0,0.94,8.08
det_13467239_s,46800.0,47700.0,47,188.0,2.65,9.98
det_13467239_w,46800.0,47700.0,0,0.0,0.0,-1.0
det_13467327_n,46800.0,47700.0,20,80.0,1.71,6.58
det_13467327_e,46800.0,47700.0,7,28.0,0.55,7.12
det_13467327_w,46800.0,47700.0,98,392.0,20.47,6.87
det_13467080_n,46800.0,47700.0,12,48.0,0.77,9.36
det_13467080_s,46800.0,47700.0,27,108.0,1.45,10.41
det_13467080_e,46800.0,47700.0,1,4.0,0.15,3.72
det_14254942_n,46800.0,47700.0,0,0.0,0.0,-1.0
det_14254942_s,46800.0,47700.0,1,4.0,0.08,7.27
det_14254942_w,46800.0,47700.0,16,64.0,0.64,14.99
det_13467425_n,46800.0,47700.0,45,180.0,8.44,3.51
det_13467425_s,46800.0,47700.0,83,332.0,16.06,3.0
det_13467425_e,46800.0,47700.0,33,132.0,5.7,3.98
det_13467160_n,46800.0,47700.0,10,40.0,0.78,7.21
det_13467160_s,46800.0,47700.0,2,8.0,0.17,6.37
det_13467160_e,46800.0,47700.0,1,4.0,0.1,5.33
det_13467132_n,47700.0,48600.0,9,36.0,2.39,2.12
det_13467132_s,47700.0,48600.0,51,204.0,3.9,7.4
det_13467132_w,47700.0,48600.0,15,60.0,0.92,10.23
det_13467037_n,47700.0,48600.0,11,44.0,0.83,7.42
det_13467037_s,47700.0,48600.0,36,144.0,9.96,2.06
det_13467037_e,47700.0,48600.0,0,0.0,0.0,-1.0
det_13467239_n,47700.0,48600.0,13,52.0,0.8,9.93
det_13467239_s,47700.0,48600.0,42,168.0,2.41,9.81
det_13467239_w,47700.0,48600.0,0,0.0,0.0,-1.0
det_13467327_n,47700.0,48600.0,18,72.0,1.53,6.71
det_13467327_e,47700.0,48600.0,1,4.0,0.07,8.23
det_13467327_w,47700.0,48600.0,94,376.0,71.7,5.02
det_13467080_n,47700.0,48600.0,14,56.0,0.94,9.42
det_13467080_s,47700.0,48600.0,19,76.0,1.01,10.49
det_13467080_e,47700.0,48600.0,2,8.0,0.12,9.57
det_14254942_n,47700.0,48600.0,0,0.0,0.0,-1.0
det_14254942_s,47700.0,48600.0,1,4.0,0.07,8.23
det_14254942_w,47700.0,48600.0,18,72.0,0.66,16.35
det_13467425_n,47700.0,48600.0,42,168.0,7.95,3.83
det_13467425_s,47700.0,48600.0,87,348.0,49.56,2.22
det_13467425_e,47700.0,48600.0,21,84.0,2.7,5.34
det_13467160_n,47700.0,48600.0,5,20.0,0.39,7.28
det_13467160_s,47700.0,48600.0,4,16.0,0.38,5.84
det_13467160_e,47700.0,48600.0,1,4.0,0.08,6.72
det_13467132_n,48600.0,49500.0,9,36.0,2.45,2.05
det_13467132_s,48600.0,49500.0,54,216.0,4.24,7.2
det_13467132_w,48600.0,49500.0,16,64.0,0.96,10.86
det_13467037_n,48600.0,49500.0,7,28.0,0.53,7.48
det_13467037_s,48600.0,49500.0,31,124.0,8.59,2.06
det_13467037_e,48600.0,49500.0,0,0.0,0.0,-1.0
det_13467239_n,48600.0,49500.0,7,28.0,0.44,10.13
det_13467239_s,48600.0,49500.0,48,192.0,2.72,9.95
det_13467239_w,48600.0,49500.0,0,0.0,0.0,-1.0
det_13467327_n,48600.0,49500.0,19,76.0,1.57,6.88
det_13467327_e,48600.0,49500.0,1,4.0,0.07,8.0
det_13467327_w,48600.0,49500.0,94,376.0,72.7,4.81
det_13467080_n,48600.0,49500.0,14,56.0,0.97,8.75
det_13467080_s,48600.0,49500.0,26,104.0,1.51,9.97
det_13467080_e,48600.0,49500.0,3,12.0,0.19,9.0
det_14254942_n,48600.0,49500.0,0,0.0,0.0,-1.0
det_14254942_s,48600.0,49500.0,4,16.0,0.3,7.39
det_14254942_w,48600.0,49500.0,21,84.0,0.86,14.09
det_13467425_n,48600.0,49500.0,56,224.0,11.48,3.54
det_13467425_s,48600.0,49500.0,76,304.0,41.73,2.18
det_13467425_e,48600.0,49500.0,20,80.0,3.65,4.23
det_13467160_n,48600.0,49500.0,6,24.0,0.46,7.38
det_13467160_s,48600.0,49500.0,4,16.0,0.35,6.34
det_13467160_e,48600.0,49500.0,2,8.0,0.18,6.43
det_13467132_n,49500.0,50400.0,15,60.0,3.8,2.26
det_13467132_s,49500.0,50400.0,54,216.0,4.22,7.26
det_13467132_w,49500.0,50400.0,19,76.0,1.08,10.24
det_13467037_n,49500.0,50400.0,14,56.0,1.0,7.86
det_13467037_s,49500.0,50400.0,41,164.0,14.95,1.95
det_13467037_e,49500.0,50400.0,0,0.0,0.0,-1.0
det_13467239_n,49500.0,50400.0,4,16.0,0.22,10.22
det_13467239_s,49500.0,50400.0,49,196.0,2.79,9.89
det_13467239_w,49500.0,50400.0,0,0.0,0.0,-1.0
det_13467327_n,49500.0,50400.0,21,84.0,1.71,6.92
det_13467327_e,49500.0,50400.0,3,12.0,0.2,8.39
det_13467327_w,49500.0,50400.0,92,368.0,75.54,4.79
det_13467080_n,49500.0,50400.0,9,36.0,0.69,8.5
det_13467080_s,49500.0,50400.0,25,100.0,1.37,10.24
det_13467080_e,49500.0,50400.0,8,32.0,0.52,8.65
det_14254942_n,49500.0,50400.0,0,0.0,0.0,-1.0
det_14254942_s,49500.0,50400.0,2,8.0,0.15,7.58
det_14254942_w,49500.0,50400.0,15,60.0,0.55,15.73
det_13467425_n,49500.0,50400.0,68,272.0,12.54,3.9
det_13467425_s,49500.0,50400.0,78,312.0,87.12,2.25
det_13467425_e,49500.0,50400.0,22,88.0,3.22,5.12
det_13467160_n,49500.0,50400.0,6,24.0,0.46,7.32
det_13467160_s,49500.0,50400.0,3,12.0,0.26,6.41
det_13467160_e,49500.0,50400.0,2,8.0,0.18,6.09
det_13467132_n,50400.0,51300.0,12,48.0,3.4,2.0
det_13467132_s,50400.0,51300.0,52,208.0,4.04,7.24
det_13467132_w,50400.0,51300.0,19,76.0,1.08,10.61
det_13467037_n,50400.0,51300.0,10,40.0,0.86,6.55
det_13467037_s,50400.0,51300.0,29,116.0,8.13,2.01
det_13467037_e,50400.0,51300.0,0,0.0,0.0,-1.0
det_13467239_n,50400.0,51300.0,13,52.0,0.69,10.63
det_13467239_s,50400.0,51300.0,48,192.0,2.98,9.84
det_13467239_w,50400.0,51300.0,0,0.0,0.0,-1.0
det_13467327_n,50400.0,51300.0,22,88.0,1.79,7.01
det_13467327_e,50400.0,51300.0,4,16.0,0.29,7.75
det_13467327_w,50400.0,51300.0,92,368.0,74.39,4.56
det_13467080_n,50400.0,51300.0,13,52.0,0.84,9.59
det_13467080_s,50400.0,51300.0,27,108.0,1.46,10.42
det_13467080_e,50400.0,51300.0,5,20.0,0.32,8.71
det_14254942_n,50400.0,51300.0,0,0.0,0.0,-1.0
det_14254942_s,50400.0,51300.0,5,20.0,0.39,7.29
det_14254942_w,50400.0,51300.0,21,84.0,0.84,14.81
det_13467425_n,50400.0,51300.0,57,228.0,10.59,4.03
det_13467425_s,50400.0,51300.0,67,268.0,91.35,2.03
det_13467425_e,50400.0,51300.0,24,96.0,4.11,4.03
det_13467160_n,50400.0,51300.0,10,40.0,0.77,7.36
det_13467160_s,50400.0,51300.0,7,28.0,0.64,6.08
det_13467160_e,50400.0,51300.0,5,20.0,0.45,6.27
det_13467132_n,51300.0,52200.0,13,52.0,3.36,2.22
det_13467132_s,51300.0,52200.0,51,204.0,3.87,7.42
det_13467132_w,51300.0,52200.0,13,52.0,0.78,10.97
det_13467037_n,51300.0,52200.0,12,48.0,0.87,7.68
det_13467037_s,51300.0,52200.0,27,108.0,7.21,2.14
det_13467037_e,51300.0,52200.0,0,0.0,0.0,-1.0
det_13467239_n,51300.0,52200.0,6,24.0,0.35,9.73
det_13467239_s,51300.0,52200.0,40,160.0,2.34,9.95
det_13467239_w,51300.0,52200.0,0,0.0,0.0,-1.0
det_13467327_n,51300.0,52200.0,25,100.0,2.16,6.54
det_13467327_e,51300.0,52200.0,5,20.0,0.35,7.95
det_13467327_w,51300.0,52200.0,93,372.0,71.99,5.08
det_13467080_n,51300.0,52200.0,10,40.0,0.75,8.56
det_13467080_s,51300.0,52200.0,23,92.0,1.26,10.3
det_13467080_e,51300.0,52200.0,4,16.0,0.26,8.55
det_14254942_n,51300.0,52200.0,0,0.0,0.0,-1.0
det_14254942_s,51300.0,52200.0,3,12.0,0.2,8.23
det_14254942_w,51300.0,52200.0,18,72.0,0.75,13.75
det_13467425_n,51300.0,52200.0,61,244.0,12.11,3.62
det_13467425_s,51300.0,52200.0,84,336.0,91.58,2.11
det_13467425_e,51300.0,52200.0,20,80.0,2.69,5.32
det_13467160_n,51300.0,52200.0,9,36.0,0.64,7.86
det_13467160_s,51300.0,52200.0,5,20.0,0.43,6.49
det_13467160_e,51300.0,52200.0,2,8.0,0.18,6.12
det_13467132_n,52200.0,53100.0,11,44.0,2.9,2.13
det_13467132_s,52200.0,53100.0,58,232.0,4.56,7.17
det_13467132_w,52200.0,53100.0,13,52.0,0.96,10.42
det_13467037_n,52200.0,53100.0,12,48.0,0.9,7.64
det_13467037_s,52200.0,53100.0,38,152.0,10.55,2.06
det_13467037_e,52200.0,53100.0,0,0.0,0.0,-1.0
det_13467239_n,52200.0,53100.0,10,40.0,0.55,10.22
det_13467239_s,52200.0,53100.0,48,192.0,2.89,9.56
det_13467239_w,52200.0,53100.0,0,0.0,0.0,-1.0
det_13467327_n,52200.0,53100.0,19,76.0,1.54,6.93
det_13467327_e,52200.0,53100.0,2,8.0,0.15,7.53
det_13467327_w,52200.0,53100.0,92,368.0,76.87,4.71
det_13467080_n,52200.0,53100.0,11,44.0,0.86,8.57
det_13467080_s,52200.0,53100.0,23,92.0,1.33,9.72
det_13467080_e,52200.0,53100.0,4,16.0,0.24,9.21
det_14254942_n,52200.0,53100.0,0,0.0,0.0,-1.0
det_14254942_s,52200.0,53100.0,4,16.0,0.31,7.27
det_14254942_w,52200.0,53100.0,14,56.0,0.58,13.5
det_13467425_n,52200.0,53100.0,59,236.0,11.25,3.95
det_13467425_s,52200.0,53100.0,65,260.0,94.55,2.01
det_13467425_e,52200.0,53100.0,28,112.0,5.69,3.56
det_13467160_n,52200.0,53100.0,5,20.0,0.41,6.9
det_13467160_s,52200.0,53100.0,4,16.0,0.36,6.29
det_13467160_e,52200.0,53100.0,3,12.0,0.29,5.74
det_13467132_n,53100.0,54000.0,9,36.0,2.34,2.19
det_13467132_s,53100.0,54000.0,49,196.0,3.73,7.39
det_13467132_w,53100.0,54000.0,16,64.0,1.0,10.07
det_13467037_n,53100.0,54000.0,7,28.0,0.57,6.92
det_13467037_s,53100.0,54000.0,24,96.0,6.5,2.1
det_13467037_e,53100.0,54000.0,0,0.0,0.0,-1.0
det_13467239_n,53100.0,54000.0,14,56.0,0.8,9.85
det_13467239_s,53100.0,54000.0,54,216.0,3.16,9.86
det_13467239_w,53100.0,54000.0,0,0.0,0.0,-1.0
det_13467327_n,53100.0,54000.0,17,68.0,1.45,6.64
det_13467327_e,53100.0,54000.0,2,8.0,0.13,8.87
det_13467327_w,53100.0,54000.0,89,356.0,72.97,4.65
det_13467080_n,53100.0,54000.0,17,68.0,1.27,8.72
det_13467080_s,53100.0,54000.0,34,136.0,1.92,10.32
det_13467080_e,53100.0,54000.0,3,12.0,0.2,8.78
det_14254942_n,53100.0,54000.0,0,0.0,0.0,-1.0
det_14254942_s,53100.0,54000.0,3,12.0,0.24,7.06
det_14254942_w,53100.0,54000.0,19,76.0,0.7,15.87
det_13467425_n,53100.0,54000.0,50,200.0,7.34,4.8
det_13467425_s,53100.0,54000.0,93,372.0,91.26,2.23
det_13467425_e,53100.0,54000.0,23,92.0,4.47,3.39
det_13467160_n,53100.0,54000.0,7,28.0,0.52,7.61
det_13467160_s,53100.0,54000.0,4,16.0,0.38,5.95
det_13467160_e,53100.0,54000.0,2,8.0,0.17,6.44
det_13467132_n,54000.0,54900.0,10,40.0,2.51,2.24
det_13467132_s,54000.0,54900.0,58,232.0,4.34,7.52
det_13467132_w,54000.0,54900.0,2,8.0,0.16,11.14
det_13467037_n,54000.0,54900.0,6,24.0,0.45,7.48
det_13467037_s,54000.0,54900.0,33,132.0,9.1,2.09
det_13467037_e,54000.0,54900.0,0,0.0,0.0,-1.0
det_13467239_n,54000.0,54900.0,2,8.0,0.1,11.19
det_13467239_s,54000.0,54900.0,20,80.0,1.14,9.85
det_13467239_w,54000.0,54900.0,0,0.0,0.0,-1.0
det_13467327_n,54000.0,54900.0,15,60.0,1.26,6.68
det_13467327_e,54000.0,54900.0,2,8.0,0.15,7.64
det_13467327_w,54000.0,54900.0,96,384.0,70.63,5.53
det_13467080_n,54000.0,54900.0,5,20.0,0.48,7.62
det_13467080_s,54000.0,54900.0,14,56.0,0.77,10.14
det_13467080_e,54000.0,54900.0,2,8.0,0.11,10.43
det_14254942_n,54000.0,54900.0,0,0.0,0.0,-1.0
det_14254942_s,54000.0,54900.0,7,28.0,0.51,7.66
det_14254942_w,54000.0,54900.0,16,64.0,0.62,14.74
det_13467425_n,54000.0,54900.0,1,4.0,0.06,9.35
det_13467425_s,54000.0,54900.0,5,20.0,4.5,2.01
det_13467425_e,54000.0,54900.0,10,40.0,0.76,7.66
det_13467160_n,54000.0,54900.0,9,36.0,0.66,7.59
det_13467160_s,54000.0,54900.0,8,32.0,0.73,6.12
det_13467160_e,54000.0,54900.0,3,12.0,0.25,6.64
det_13467132_n,54900.0,55800.0,8,32.0,2.41,1.87
det_13467132_s,54900.0,55800.0,26,104.0,2.12,7.05
det_13467132_w,54900.0,55800.0,1,4.0,0.04,12.49
det_13467037_n,54900.0,55800.0,5,20.0,0.44,6.3
det_13467037_s,54900.0,55800.0,18,72.0,8.0,1.92
det_13467037_e,54900.0,55800.0,0,0.0,0.0,-1.0
det_13467239_n,54900.0,55800.0,4,16.0,0.3,9.32
det_13467239_s,54900.0,55800.0,7,28.0,0.4,10.0
det_13467239_w,54900.0,55800.0,0,0.0,0.0,-1.0
det_13467327_n,54900.0,55800.0,6,24.0,0.53,6.35
det_13467327_e,54900.0,55800.0,3,12.0,0.21,8.12
det_13467327_w,54900.0,55800.0,26,104.0,17.62,4.91
det_13467080_n,54900.0,55800.0,5,20.0,0.27,10.48
det_13467080_s,54900.0,55800.0,6,24.0,0.32,10.52
det_13467080_e,54900.0,55800.0,1,4.0,0.05,10.51
det_14254942_n,54900.0,55800.0,0,0.0,0.0,-1.0
det_14254942_s,54900.0,55800.0,1,4.0,0.08,6.72
det_14254942_w,54900.0,55800.0,5,20.0,0.21,13.68
det_13467425_n,54900.0,55800.0,0,0.0,0.0,-1.0
det_13467425_s,54900.0,55800.0,0,0.0,0.0,-1.0
det_13467425_e,54900.0,55800.0,5,20.0,0.41,6.91
det_13467160_n,54900.0,55800.0,4,16.0,0.29,7.76
det_13467160_s,54900.0,55800.0,1,4.0,0.08,6.62
det_13467160_e,54900.0,55800.0,2,8.0,0.18,6.31
det_13467132_n,55800.0,56700.0,0,0.0,0.0,-1.0
det_13467132_s,55800.0,56700.0,0,0.0,0.0,-1.0
det_13467132_w,55800.0,56700.0,0,0.0,0.0,-1.0
det_13467037_n,55800.0,56700.0,0,0.0,0.0,-1.0
det_13467037_s,55800.0,56700.0,0,0.0,0.0,-1.0
det_13467037_e,55800.0,56700.0,0,0.0,0.0,-1.0
det_13467239_n,55800.0,56700.0,0,0.0,0.0,-1.0
det_13467239_s,55800.0,56700.0,0,0.0,0.0,-1.0
det_13467239_w,55800.0,56700.0,0,0.0,0.0,-1.0
det_13467327_n,55800.0,56700.0,0,0.0,0.0,-1.0
det_13467327_e,55800.0,56700.0,0,0.0,0.0,-1.0
det_13467327_w,55800.0,56700.0,0,0.0,0.0,-1.0
det_13467080_n,55800.0,56700.0,0,0.0,0.0,-1.0
det_13467080_s,55800.0,56700.0,0,0.0,0.0,-1.0
det_13467080_e,55800.0,56700.0,0,0.0,0.0,-1.0
det_14254942_n,55800.0,56700.0,0,0.0,0.0,-1.0
det_14254942_s,55800.0,56700.0,0,0.0,0.0,-1.0
det_14254942_w,55800.0,56700.0,0,0.0,0.0,-1.0
det_13467425_n,55800.0,56700.0,0,0.0,0.0,-1.0
det_13467425_s,55800.0,56700.0,0,0.0,0.0,-1.0
det_13467425_e,55800.0,56700.0,0,0.0,0.0,-1.0
det_13467160_n,55800.0,56700.0,0,0.0,0.0,-1.0
det_13467160_s,55800.0,56700.0,0,0.0,0.0,-1.0
det_13467160_e,55800.0,56700.0,0,0.0,0.0,-1.0
det_13467132_n,56700.0,57600.0,0,0.0,0.0,-1.0
det_13467132_s,56700.0,57600.0,0,0.0,0.0,-1.0
det_13467132_w,56700.0,57600.0,0,0.0,0.0,-1.0
det_13467037_n,56700.0,57600.0,0,0.0,0.0,-1.0
det_13467037_s,56700.0,57600.0,0,0.0,0.0,-1.0
det_13467037_e,56700.0,57600.0,0,0.0,0.0,-1.0
det_13467239_n,56700.0,57600.0,0,0.0,0.0,-1.0
det_13467239_s,56700.0,57600.0,0,0.0,0.0,-1.0
det_13467239_w,56700.0,57600.0,0,0.0,0.0,-1.0
det_13467327_n,56700.0,57600.0,0,0.0,0.0,-1.0
det_13467327_e,56700.0,57600.0,0,0.0,0.0,-1.0
det_13467327_w,56700.0,57600.0,0,0.0,0.0,-1.0
det_13467080_n,56700.0,57600.0,0,0.0,0.0,-1.0
det_13467080_s,56700.0,57600.0,0,0.0,0.0,-1.0
det_13467080_e,56700.0,57600.0,0,0.0,0.0,-1.0
det_14254942_n,56700.0,57600.0,0,0.0,0.0,-1.0
det_14254942_s,56700.0,57600.0,0,0.0,0.0,-1.0
det_14254942_w,56700.0,57600.0,0,0.0,0.0,-1.0
det_13467425_n,56700.0,57600.0,0,0.0,0.0,-1.0
det_13467425_s,56700.0,57600.0,0,0.0,0.0,-1.0
det_13467425_e,56700.0,57600.0,0,0.0,0.0,-1.0
det_13467160_n,56700.0,57600.0,0,0.0,0.0,-1.0
det_13467160_s,56700.0,57600.0,0,0.0,0.0,-1.0
det_13467160_e,56700.0,57600.0,0,0.0,0.0,-1.0
det_13467132_n,57600.0,58500.0,8,32.0,2.14,2.14
det_13467132_s,57600.0,58500.0,43,172.0,3.23,7.46
det_13467132_w,57600.0,58500.0,11,44.0,0.67,10.51
det_13467037_n,57600.0,58500.0,5,20.0,0.36,7.79
det_13467037_s,57600.0,58500.0,30,120.0,8.22,2.09
det_13467037_e,57600.0,58500.0,0,0.0,0.0,-1.0
det_13467239_n,57600.0,58500.0,10,40.0,0.76,8.7
det_13467239_s,57600.0,58500.0,54,216.0,3.13,9.93
det_13467239_w,57600.0,58500.0,0,0.0,0.0,-1.0
det_13467327_n,57600.0,58500.0,17,68.0,1.42,6.81
det_13467327_e,57600.0,58500.0,1,4.0,0.08,6.79
det_13467327_w,57600.0,58500.0,94,376.0,55.6,5.61
det_13467080_n,57600.0,58500.0,14,56.0,0.89,9.4
det_13467080_s,57600.0,58500.0,32,128.0,1.72,10.44
det_13467080_e,57600.0,58500.0,2,8.0,0.13,8.43
det_14254942_n,57600.0,58500.0,0,0.0,0.0,-1.0
det_14254942_s,57600.0,58500.0,4,16.0,0.29,7.71
det_14254942_w,57600.0,58500.0,14,56.0,0.56,14.11
det_13467425_n,57600.0,58500.0,49,196.0,9.66,3.64
det_13467425_s,57600.0,58500.0,83,332.0,19.88,2.53
det_13467425_e,57600.0,58500.0,29,116.0,4.59,4.5
det_13467160_n,57600.0,58500.0,6,24.0,0.43,7.83
det_13467160_s,57600.0,58500.0,3,12.0,0.27,6.38
det_13467160_e,57600.0,58500.0,1,4.0,0.09,6.01
det_13467132_n,58500.0,59400.0,10,40.0,2.41,2.38
det_13467132_s,58500.0,59400.0,48,192.0,3.52,7.68
det_13467132_w,58500.0,59400.0,17,68.0,1.14,10.39
det_13467037_n,58500.0,59400.0,10,40.0,0.76,7.49
det_13467037_s,58500.0,59400.0,35,140.0,8.92,2.22
det_13467037_e,58500.0,59400.0,0,0.0,0.0,-1.0
det_13467239_n,58500.0,59400.0,6,24.0,0.51,8.4
det_13467239_s,58500.0,59400.0,53,212.0,2.98,10.17
det_13467239_w,58500.0,59400.0,0,0.0,0.0,-1.0
det_13467327_n,58500.0,59400.0,19,76.0,1.59,6.71
det_13467327_e,58500.0,59400.0,1,4.0,0.07,7.59
det_13467327_w,58500.0,59400.0,92,368.0,70.89,5.06
det_13467080_n,58500.0,59400.0,17,68.0,1.65,7.22
det_13467080_s,58500.0,59400.0,23,92.0,1.26,10.27
det_13467080_e,58500.0,59400.0,1,4.0,0.08,7.51
det_14254942_n,58500.0,59400.0,0,0.0,0.0,-1.0
det_14254942_s,58500.0,59400.0,3,12.0,0.24,7.1
det_14254942_w,58500.0,59400.0,16,64.0,0.65,13.83
det_13467425_n,58500.0,59400.0,25,100.0,4.47,3.24
det_13467425_s,58500.0,59400.0,94,376.0,40.21,2.06
det_13467425_e,58500.0,59400.0,28,112.0,5.3,3.86
det_13467160_n,58500.0,59400.0,4,16.0,0.3,7.53
det_13467160_s,58500.0,59400.0,1,4.0,0.09,6.27
det_13467160_e,58500.0,59400.0,3,12.0,0.28,5.93
det_13467132_n,59400.0,60300.0,14,56.0,3.9,2.04
det_13467132_s,59400.0,60300.0,47,188.0,3.52,7.49
det_13467132_w,59400.0,60300.0,17,68.0,1.12,10.23
det_13467037_n,59400.0,60300.0,11,44.0,0.89,7.13
det_13467037_s,59400.0,60300.0,27,108.0,7.39,2.1
det_13467037_e,59400.0,60300.0,0,0.0,0.0,-1.0
det_13467239_n,59400.0,60300.0,13,52.0,0.81,9.72
det_13467239_s,59400.0,60300.0,61,244.0,3.53,9.74
det_13467239_w,59400.0,60300.0,0,0.0,0.0,-1.0
det_13467327_n,59400.0,60300.0,26,104.0,2.16,6.76
det_13467327_e,59400.0,60300.0,3,12.0,0.19,8.76
det_13467327_w,59400.0,60300.0,89,356.0,67.09,4.74
det_13467080_n,59400.0,60300.0,21,84.0,1.6,8.66
det_13467080_s,59400.0,60300.0,32,128.0,1.83,9.83
det_13467080_e,59400.0,60300.0,4,16.0,0.27,8.72
det_14254942_n,59400.0,60300.0,0,0.0,0.0,-1.0
det_14254942_s,59400.0,60300.0,1,4.0,0.06,9.73
det_14254942_w,59400.0,60300.0,13,52.0,0.45,17.15
det_13467425_n,59400.0,60300.0,40,160.0,6.29,4.88
det_13467425_s,59400.0,60300.0,97,388.0,30.53,2.29
det_13467425_e,59400.0,60300.0,29,116.0,5.22,4.36
det_13467160_n,59400.0,60300.0,4,16.0,0.26,8.4
det_13467160_s,59400.0,60300.0,1,4.0,0.09,5.9
det_13467160_e,59400.0,60300.0,3,12.0,0.26,6.38
det_13467132_n,60300.0,61200.0,14,56.0,3.84,2.1
det_13467132_s,60300.0,61200.0,54,216.0,4.1,7.42
det_13467132_w,60300.0,61200.0,19,76.0,1.28,10.05
det_13467037_n,60300.0,61200.0,8,32.0,0.63,7.12
det_13467037_s,60300.0,61200.0,32,128.0,8.32,2.19
det_13467037_e,60300.0,61200.0,0,0.0,0.0,-1.0
det_13467239_n,60300.0,61200.0,11,44.0,0.68,9.66
det_13467239_s,60300.0,61200.0,67,268.0,4.4,9.49
det_13467239_w,60300.0,61200.0,0,0.0,0.0,-1.0
det_13467327_n,60300.0,61200.0,25,100.0,2.13,6.65
det_13467327_e,60300.0,61200.0,2,8.0,0.13,8.61
det_13467327_w,60300.0,61200.0,93,372.0,64.63,5.03
det_13467080_n,60300.0,61200.0,21,84.0,1.38,9.17
det_13467080_s,60300.0,61200.0,34,136.0,1.88,10.17
det_13467080_e,60300.0,61200.0,5,20.0,0.29,9.54
det_14254942_n,60300.0,61200.0,0,0.0,0.0,-1.0
det_14254942_s,60300.0,61200.0,5,20.0,0.41,6.86
det_14254942_w,60300.0,61200.0,23,92.0,1.09,13.33
det_13467425_n,60300.0,61200.0,28,112.0,4.16,4.73
det_13467425_s,60300.0,61200.0,101,404.0,28.49,2.42
det_13467425_e,60300.0,61200.0,41,164.0,7.64,3.93
det_13467160_n,60300.0,61200.0,10,40.0,0.76,7.33
det_13467160_s,60300.0,61200.0,7,28.0,0.62,6.36
det_13467160_e,60300.0,61200.0,4,16.0,0.36,6.21
det_13467132_n,61200.0,62100.0,14,56.0,3.66,2.17
det_13467132_s,61200.0,62100.0,59,236.0,4.48,7.4
det_13467132_w,61200.0,62100.0,22,88.0,1.29,10.68
det_13467037_n,61200.0,62100.0,7,28.0,0.49,7.94
det_13467037_s,61200.0,62100.0,43,172.0,11.93,2.06
det_13467037_e,61200.0,62100.0,0,0.0,0.0,-1.0
det_13467239_n,61200.0,62100.0,14,56.0,0.96,9.15
det_13467239_s,61200.0,62100.0,72,288.0,4.52,9.74
det_13467239_w,61200.0,62100.0,0,0.0,0.0,-1.0
det_13467327_n,61200.0,62100.0,30,120.0,2.42,7.0
det_13467327_e,61200.0,62100.0,6,24.0,0.43,7.93
det_13467327_w,61200.0,62100.0,96,384.0,61.9,6.08
det_13467080_n,61200.0,62100.0,19,76.0,1.31,8.85
det_13467080_s,61200.0,62100.0,41,164.0,2.25,10.35
det_13467080_e,61200.0,62100.0,1,4.0,0.05,10.67
det_14254942_n,61200.0,62100.0,0,0.0,0.0,-1.0
det_14254942_s,61200.0,62100.0,2,8.0,0.14,7.91
det_14254942_w,61200.0,62100.0,16,64.0,0.63,14.73
det_13467425_n,61200.0,62100.0,36,144.0,6.72,3.81
det_13467425_s,61200.0,62100.0,105,420.0,30.1,2.37
det_13467425_e,61200.0,62100.0,39,156.0,7.19,4.02
det_13467160_n,61200.0,62100.0,9,36.0,0.67,7.69
det_13467160_s,61200.0,62100.0,2,8.0,0.16,6.83
det_13467160_e,61200.0,62100.0,3,12.0,0.26,6.43
det_13467132_n,62100.0,63000.0,12,48.0,3.34,2.03
det_13467132_s,62100.0,63000.0,55,220.0,4.15,7.47
det_13467132_w,62100.0,63000.0,24,96.0,1.41,10.35
det_13467037_n,62100.0,63000.0,12,48.0,0.98,6.92
det_13467037_s,62100.0,63000.0,38,152.0,10.6,2.03
det_13467037_e,62100.0,63000.0,0,0.0,0.0,-1.0
det_13467239_n,62100.0,63000.0,9,36.0,0.7,9.03
det_13467239_s,62100.0,63000.0,58,232.0,4.2,9.77
det_13467239_w,62100.0,63000.0,0,0.0,0.0,-1.0
det_13467327_n,62100.0,63000.0,28,112.0,2.33,6.79
det_13467327_e,62100.0,63000.0,5,20.0,0.38,7.53
det_13467327_w,62100.0,63000.0,92,368.0,51.05,5.79
det_13467080_n,62100.0,63000.0,14,56.0,1.12,8.2
det_13467080_s,62100.0,63000.0,29,116.0,1.58,10.31
det_13467080_e,62100.0,63000.0,2,8.0,0.13,8.6
det_14254942_n,62100.0,63000.0,0,0.0,0.0,-1.0
det_14254942_s,62100.0,63000.0,7,28.0,0.48,8.1
det_14254942_w,62100.0,63000.0,21,84.0,0.86,14.1
det_13467425_n,62100.0,63000.0,43,172.0,7.51,3.88
det_13467425_s,62100.0,63000.0,84,336.0,18.93,2.6
det_13467425_e,62100.0,63000.0,36,144.0,7.15,3.86
det_13467160_n,62100.0,63000.0,14,56.0,0.99,7.92
det_13467160_s,62100.0,63000.0,8,32.0,0.71,6.26
det_13467160_e,62100.0,63000.0,5,20.0,0.45,6.23
det_13467132_n,63000.0,63900.0,16,64.0,6.8,2.06
det_13467132_s,63000.0,63900.0,59,236.0,4.94,7.23
det_13467132_w,63000.0,63900.0,28,112.0,2.59,8.49
det_13467037_n,63000.0,63900.0,15,60.0,1.8,5.67
det_13467037_s,63000.0,63900.0,42,168.0,20.11,1.92
det_13467037_e,63000.0,63900.0,12,48.0,2.27,3.01
det_13467239_n,63000.0,63900.0,23,92.0,2.24,7.94
det_13467239_s,63000.0,63900.0,61,244.0,4.45,9.34
det_13467239_w,63000.0,63900.0,11,44.0,2.56,2.55
det_13467327_n,63000.0,63900.0,26,104.0,2.37,6.51
det_13467327_e,63000.0,63900.0,9,36.0,1.14,5.61
det_13467327_w,63000.0,63900.0,91,364.0,62.13,4.9
det_13467080_n,63000.0,63900.0,27,108.0,2.76,7.53
det_13467080_s,63000.0,63900.0,39,156.0,3.23,9.09
det_13467080_e,63000.0,63900.0,12,48.0,1.81,5.06
det_14254942_n,63000.0,63900.0,8,32.0,2.18,2.12
det_14254942_s,63000.0,63900.0,13,52.0,1.84,4.86
det_14254942_w,63000.0,63900.0,24,96.0,8.07,10.73
det_13467425_n,63000.0,63900.0,39,156.0,5.78,5.32
det_13467425_s,63000.0,63900.0,88,352.0,37.7,2.22
det_13467425_e,63000.0,63900.0,41,164.0,8.35,3.45
det_13467160_n,63000.0,63900.0,19,76.0,2.31,5.57
det_13467160_s,63000.0,63900.0,11,44.0,1.29,5.27
det_13467160_e,63000.0,63900.0,9,36.0,1.22,4.71
det_13467132_n,63900.0,64800.0,10,40.0,61.78,1.04
det_13467132_s,63900.0,64800.0,18,72.0,91.8,4.29
det_13467132_w,63900.0,64800.0,101,404.0,35.96,5.17
det_13467037_n,63900.0,64800.0,7,28.0,96.05,4.17
det_13467037_s,63900.0,64800.0,4,16.0,98.27,0.36
det_13467037_e,63900.0,64800.0,71,284.0,15.43,3.36
det_13467239_n,63900.0,64800.0,89,356.0,61.87,5.01
det_13467239_s,63900.0,64800.0,56,224.0,46.68,5.33
det_13467239_w,63900.0,64800.0,53,212.0,14.66,2.2
det_13467327_n,63900.0,64800.0,81,324.0,36.04,5.99
det_13467327_e,63900.0,64800.0,38,152.0,65.17,5.14
det_13467327_w,63900.0,64800.0,12,48.0,97.12,2.69
det_13467080_n,63900.0,64800.0,87,348.0,57.87,4.05
det_13467080_s,63900.0,64800.0,86,344.0,17.83,4.44
det_13467080_e,63900.0,64800.0,66,264.0,40.45,5.01
det_14254942_n,63900.0,64800.0,41,164.0,10.65,2.33
det_14254942_s,63900.0,64800.0,48,192.0,63.36,3.96
det_14254942_w,63900.0,64800.0,22,88.0,95.23,3.67
det_13467425_n,63900.0,64800.0,60,240.0,48.78,7.01
det_13467425_s,63900.0,64800.0,15,60.0,90.43,1.86
det_13467425_e,63900.0,64800.0,56,224.0,52.23,6.1
det_13467160_n,63900.0,64800.0,64,256.0,10.72,5.07
det_13467160_s,63900.0,64800.0,49,196.0,69.2,4.92
det_13467160_e,63900.0,64800.0,60,240.0,21.22,3.67
det_13467132_n,64800.0,65700.0,4,16.0,64.99,0.42
det_13467132_s,64800.0,65700.0,4,16.0,98.32,1.76
det_13467132_w,64800.0,65700.0,10,40.0,95.79,2.78
det_13467037_n,64800.0,65700.0,3,12.0,98.91,0.03
det_13467037_s,64800.0,65700.0,3,12.0,90.13,0.76
det_13467037_e,64800.0,65700.0,2,8.0,81.35,0.02
det_13467239_n,64800.0,65700.0,24,96.0,64.62,2.55
det_13467239_s,64800.0,65700.0,18,72.0,43.62,3.11
det_13467239_w,64800.0,65700.0,8,32.0,6.48,1.05
det_13467327_n,64800.0,65700.0,7,28.0,63.76,1.04
det_13467327_e,64800.0,65700.0,4,16.0,62.74,0.57
det_13467327_w,64800.0,65700.0,0,0.0,100.0,-1.0
det_13467080_n,64800.0,65700.0,1,4.0,64.67,0.02
det_13467080_s,64800.0,65700.0,8,32.0,0.54,9.51
det_13467080_e,64800.0,65700.0,1,4.0,99.74,0.01
det_14254942_n,64800.0,65700.0,3,12.0,1.68,1.0
det_14254942_s,64800.0,65700.0,6,24.0,98.31,1.84
det_14254942_w,64800.0,65700.0,7,28.0,97.97,2.42
det_13467425_n,64800.0,65700.0,24,96.0,55.05,4.4
det_13467425_s,64800.0,65700.0,4,16.0,99.06,0.03
det_13467425_e,64800.0,65700.0,10,40.0,97.48,1.31
det_13467160_n,64800.0,65700.0,7,28.0,1.47,3.17
det_13467160_s,64800.0,65700.0,8,32.0,97.5,4.2
det_13467160_e,64800.0,65700.0,10,40.0,96.57,2.25
det_13467132_n,65700.0,66600.0,6,24.0,72.7,0.89
det_13467132_s,65700.0,66600.0,2,8.0,98.72,0.02
det_13467132_w,65700.0,66600.0,13,52.0,34.46,5.22
det_13467037_n,65700.0,66600.0,6,24.0,98.32,1.79
det_13467037_s,65700.0,66600.0,3,12.0,78.88,0.13
det_13467037_e,65700.0,66600.0,9,36.0,98.64,1.06
det_13467239_n,65700.0,66600.0,28,112.0,5.68,4.61
det_13467239_s,65700.0,66600.0,12,48.0,51.63,3.68
det_13467239_w,65700.0,66600.0,12,48.0,5.67,1.94
det_13467327_n,65700.0,66600.0,11,44.0,91.58,2.64
det_13467327_e,65700.0,66600.0,2,8.0,67.68,0.02
det_13467327_w,65700.0,66600.0,3,12.0,99.06,1.19
det_13467080_n,65700.0,66600.0,5,20.0,97.86,0.72
det_13467080_s,65700.0,66600.0,9,36.0,0.53,9.53
det_13467080_e,65700.0,66600.0,2,8.0,99.41,0.01
det_14254942_n,65700.0,66600.0,2,8.0,1.49,0.75
det_14254942_s,65700.0,66600.0,9,36.0,89.34,3.88
det_14254942_w,65700.0,66600.0,4,16.0,98.8,0.43
det_13467425_n,65700.0,66600.0,16,64.0,53.43,4.11
det_13467425_s,65700.0,66600.0,3,12.0,99.3,0.02
det_13467425_e,65700.0,66600.0,10,40.0,90.55,2.81
det_13467160_n,65700.0,66600.0,6,24.0,1.57,2.65
det_13467160_s,65700.0,66600.0,26,104.0,95.57,2.36
det_13467160_e,65700.0,66600.0,5,20.0,74.13,1.17
det_13467132_n,66600.0,67500.0,16,64.0,81.18,1.03
det_13467132_s,66600.0,67500.0,5,20.0,97.39,0.54
det_13467132_w,66600.0,67500.0,1,4.0,8.8,7.72
det_13467037_n,66600.0,67500.0,3,12.0,98.94,0.02
det_13467037_s,66600.0,67500.0,5,20.0,97.85,0.57
det_13467037_e,66600.0,67500.0,6,24.0,99.4,0.82
det_13467239_n,66600.0,67500.0,10,40.0,0.81,8.09
det_13467239_s,66600.0,67500.0,5,20.0,37.73,2.27
det_13467239_w,66600.0,67500.0,0,0.0,0.0,-1.0
det_13467327_n,66600.0,67500.0,18,72.0,38.82,5.55
det_13467327_e,66600.0,67500.0,2,8.0,95.91,0.01
det_13467327_w,66600.0,67500.0,9,36.0,97.24,1.57
det_13467080_n,66600.0,67500.0,9,36.0,97.41,1.48
det_13467080_s,66600.0,67500.0,6,24.0,0.32,10.63
det_13467080_e,66600.0,67500.0,1,4.0,99.93,0.02
det_14254942_n,66600.0,67500.0,9,36.0,4.03,1.68
det_14254942_s,66600.0,67500.0,6,24.0,86.27,1.41
det_14254942_w,66600.0,67500.0,3,12.0,99.01,0.02
det_13467425_n,66600.0,67500.0,13,52.0,81.13,4.34
det_13467425_s,66600.0,67500.0,6,24.0,99.25,0.66
det_13467425_e,66600.0,67500.0,11,44.0,64.29,4.57
det_13467160_n,66600.0,67500.0,7,28.0,1.64,3.85
det_13467160_s,66600.0,67500.0,5,20.0,98.05,1.19
det_13467160_e,66600.0,67500.0,5,20.0,97.95,0.3
det_13467132_n,67500.0,68400.0,5,20.0,60.86,0.87
det_13467132_s,67500.0,68400.0,9,36.0,96.72,1.2
det_13467132_w,67500.0,68400.0,8,32.0,0.53,10.31
det_13467037_n,67500.0,68400.0,5,20.0,98.38,0.85
det_13467037_s,67500.0,68400.0,5,20.0,97.46,0.68
det_13467037_e,67500.0,68400.0,4,16.0,37.66,0.96
det_13467239_n,67500.0,68400.0,7,28.0,0.48,8.84
det_13467239_s,67500.0,68400.0,26,104.0,43.21,4.73
det_13467239_w,67500.0,68400.0,0,0.0,0.0,-1.0
det_13467327_n,67500.0,68400.0,9,36.0,9.69,5.07
det_13467327_e,67500.0,68400.0,4,16.0,98.06,0.08
det_13467327_w,67500.0,68400.0,6,24.0,98.16,2.38
det_13467080_n,67500.0,68400.0,7,28.0,97.95,2.03
det_13467080_s,67500.0,68400.0,10,40.0,0.54,10.34
det_13467080_e,67500.0,68400.0,4,16.0,98.34,0.06
det_14254942_n,67500.0,68400.0,11,44.0,4.24,1.87
det_14254942_s,67500.0,68400.0,21,84.0,79.35,2.68
det_14254942_w,67500.0,68400.0,4,16.0,65.53,0.44
det_13467425_n,67500.0,68400.0,9,36.0,44.72,5.06
det_13467425_s,67500.0,68400.0,5,20.0,99.23,0.07
det_13467425_e,67500.0,68400.0,13,52.0,90.54,3.83
det_13467160_n,67500.0,68400.0,17,68.0,4.69,3.26
det_13467160_s,67500.0,68400.0,15,60.0,24.87,5.03
det_13467160_e,67500.0,68400.0,3,12.0,98.44,0.04
det_13467132_n,68400.0,69300.0,5,20.0,70.53,0.31
det_13467132_s,68400.0,69300.0,4,16.0,98.27,0.41
det_13467132_w,68400.0,69300.0,6,24.0,0.35,10.74
det_13467037_n,68400.0,69300.0,2,8.0,99.37,0.03
det_13467037_s,68400.0,69300.0,3,12.0,98.57,0.02
det_13467037_e,68400.0,69300.0,2,8.0,0.17,6.99
det_13467239_n,68400.0,69300.0,7,28.0,0.54,7.69
det_13467239_s,68400.0,69300.0,12,48.0,51.81,4.52
det_13467239_w,68400.0,69300.0,0,0.0,0.0,-1.0
det_13467327_n,68400.0,69300.0,3,12.0,0.23,7.15
det_13467327_e,68400.0,69300.0,2,8.0,63.81,0.03
det_13467327_w,68400.0,69300.0,9,36.0,97.52,1.05
det_13467080_n,68400.0,69300.0,1,4.0,99.48,0.02
det_13467080_s,68400.0,69300.0,3,12.0,0.16,10.32
det_13467080_e,68400.0,69300.0,2,8.0,69.47,0.02
det_14254942_n,68400.0,69300.0,3,12.0,1.95,0.86
det_14254942_s,68400.0,69300.0,14,56.0,94.35,3.21
det_14254942_w,68400.0,69300.0,6,24.0,98.37,2.27
det_13467425_n,68400.0,69300.0,8,32.0,68.2,5.81
det_13467425_s,68400.0,69300.0,5,20.0,99.21,0.14
det_13467425_e,68400.0,69300.0,6,24.0,72.85,3.66
det_13467160_n,68400.0,69300.0,5,20.0,1.54,2.73
det_13467160_s,68400.0,69300.0,7,28.0,70.99,3.47
det_13467160_e,68400.0,69300.0,9,36.0,97.03,1.49
det_13467132_n,69300.0,69399.0,1,36.36,9.33,0.54
det_13467132_s,69300.0,69399.0,4,145.45,92.13,0.93
det_13467132_w,69300.0,69399.0,0,0.0,0.0,-1.0
det_13467037_n,69300.0,69399.0,0,0.0,100.0,-1.0
det_13467037_s,69300.0,69399.0,2,72.73,94.31,1.0
det_13467037_e,69300.0,69399.0,0,0.0,0.0,-1.0
det_13467239_n,69300.0,69399.0,2,72.73,1.09,9.28
det_13467239_s,69300.0,69399.0,0,0.0,100.0,-1.0
det_13467239_w,69300.0,69399.0,0,0.0,0.0,-1.0
det_13467327_n,69300.0,69399.0,2,72.73,1.6,6.41
det_13467327_e,69300.0,69399.0,1,36.36,95.35,0.01
det_13467327_w,69300.0,69399.0,0,0.0,100.0,-1.0
det_13467080_n,69300.0,69399.0,2,72.73,93.93,2.92
det_13467080_s,69300.0,69399.0,0,0.0,0.0,-1.0
det_13467080_e,69300.0,69399.0,1,36.36,98.3,0.02
det_14254942_n,69300.0,69399.0,1,36.36,9.69,0.89
det_14254942_s,69300.0,69399.0,2,72.73,65.17,1.03
det_14254942_w,69300.0,69399.0,0,0.0,100.0,-1.0
det_13467425_n,69300.0,69399.0,0,0.0,100.0,-1.0
det_13467425_s,69300.0,69399.0,0,0.0,100.0,-1.0
det_13467425_e,69300.0,69399.0,0,0.0,100.0,-1.0
det_13467160_n,69300.0,69399.0,0,0.0,0.0,-1.0
det_13467160_s,69300.0,69399.0,1,36.36,1.1,4.59
det_13467160_e,69300.0,69399.0,2,72.73,94.38,0.85
