centreline_id,direction,begin,sim_count,real_count,geh
13467037,e,27000.0,8,175,17.458459674543178
13467037,e,27900.0,8,209,19.296617501640238
13467037,e,28800.0,4,238,21.272727272727273
13467037,e,29700.0,4,225,20.6533036574071
13467037,e,30600.0,5,207,19.619974419616735
13467037,e,31500.0,4,238,21.272727272727273
13467037,e,32400.0,4,221,20.458956202330775
13467037,e,33300.0,8,206,19.141382483104138
13467037,e,36000.0,3,128,15.445051580380387
13467037,e,36900.0,8,117,13.787530598334135
13467037,e,37800.0,6,151,16.36564679150991
13467037,e,38700.0,11,136,14.580296087995109
13467037,e,39600.0,6,145,15.997102386626521
13467037,e,40500.0,12,131,14.073235024540166
13467037,e,41400.0,9,128,14.378105821258211
13467037,e,42300.0,6,124,14.636098681526597
13467037,e,46800.0,6,123,14.568203668933753
13467037,e,47700.0,5,118,14.409233715231446
13467037,e,48600.0,9,127,14.309601877143646
13467037,e,49500.0,4,107,13.8258147374089
13467037,e,50400.0,2,122,15.24001524002286
13467037,e,51300.0,1,117,15.101913673775568
13467037,e,52200.0,4,124,15.0
13467037,e,53100.0,5,136,15.601872955395837
13467037,e,57600.0,3,160,17.390851554521735
13467037,e,58500.0,8,177,17.571783277959227
13467037,e,59400.0,6,147,16.12086700339583
13467037,e,60300.0,6,174,17.708754896942924
13467037,e,61200.0,4,172,17.908860173871275
13467037,e,62100.0,5,181,18.250349827255484
13467037,e,63000.0,80,175,8.413341412630905
13467037,e,63900.0,89,165,6.743909471562464
13467080,e,27000.0,23,176,15.338394037782816
13467080,e,27900.0,26,199,16.310596419369695
13467080,e,28800.0,22,234,18.738329701443508
13467080,e,29700.0,25,242,18.781016792503532
13467080,e,30600.0,26,223,17.6555621689599
13467080,e,31500.0,21,229,18.60408557279825
13467080,e,32400.0,22,233,18.68647408489601
13467080,e,33300.0,29,222,17.228023127349637
13467080,e,36000.0,13,121,13.194299990480964
13467080,e,36900.0,20,130,12.701705922171767
13467080,e,37800.0,34,145,11.733064581313517
13467080,e,38700.0,22,138,12.96919426949878
13467080,e,39600.0,34,141,11.438781153851764
13467080,e,40500.0,26,125,11.393619685439033
13467080,e,41400.0,30,126,10.869859527788119
13467080,e,42300.0,24,111,10.589302778433211
13467080,e,46800.0,16,129,13.2711769610323
13467080,e,47700.0,19,118,11.961617447937504
13467080,e,48600.0,22,114,11.156638751671316
13467080,e,49500.0,15,105,11.61895003862225
13467080,e,50400.0,21,133,12.76358456347945
13467080,e,51300.0,17,126,12.890610232562
13467080,e,52200.0,22,135,12.753917844418067
13467080,e,53100.0,24,142,12.952182678783462
13467080,e,57600.0,14,162,15.776853010315172
13467080,e,58500.0,30,185,14.949527487282776
13467080,e,59400.0,19,148,14.117131903246236
13467080,e,60300.0,18,176,16.04246940911118
13467080,e,61200.0,17,188,16.890176102707983
13467080,e,62100.0,16,184,16.8
13467080,e,63000.0,94,172,6.7634577622881356
13467080,e,63900.0,166,164,0.1556997888323046
13467239,w,27000.0,0,83,12.884098726725126
13467239,w,27900.0,0,93,13.638181696985855
13467239,w,28800.0,0,68,11.661903789690601
13467239,w,29700.0,0,90,13.416407864998739
13467239,w,30600.0,0,91,13.490737563232042
13467239,w,31500.0,0,82,12.806248474865697
13467239,w,32400.0,0,106,14.560219778561036
13467239,w,33300.0,0,93,13.638181696985855
13467239,w,36000.0,0,96,13.856406460551018
13467239,w,36900.0,0,108,14.696938456699069
13467239,w,37800.0,0,92,13.564659966250536
13467239,w,38700.0,0,96,13.856406460551018
13467239,w,39600.0,0,107,14.628738838327793
13467239,w,40500.0,0,119,15.427248620541512
13467239,w,41400.0,0,104,14.422205101855956
13467239,w,42300.0,0,107,14.628738838327793
13467239,w,46800.0,0,107,14.628738838327793
13467239,w,47700.0,0,80,12.649110640673518
13467239,w,48600.0,0,115,15.165750888103101
13467239,w,49500.0,0,99,14.071247279470288
13467239,w,50400.0,0,101,14.212670403551895
13467239,w,51300.0,0,113,15.033296378372908
13467239,w,52200.0,0,72,12.0
13467239,w,53100.0,0,87,13.19090595827292
13467239,w,57600.0,0,101,14.212670403551895
13467239,w,58500.0,0,110,14.832396974191326
13467239,w,59400.0,0,78,12.489995996796797
13467239,w,60300.0,0,82,12.806248474865697
13467239,w,61200.0,0,107,14.628738838327793
13467239,w,62100.0,0,131,16.186414056238647
13467239,w,63000.0,76,134,5.660220423101492
13467239,w,63900.0,113,126,1.1892123197405053
13467425,e,27000.0,58,14,7.333333333333333
13467425,e,27900.0,80,34,6.092848842499202
13467425,e,28800.0,69,23,6.782329983125268
13467425,e,29700.0,72,29,6.0509388846805106
13467425,e,30600.0,76,20,8.082903768654761
13467425,e,31500.0,72,30,5.881176352917641
13467425,e,32400.0,73,26,6.680289112475793
13467425,e,33300.0,82,26,7.620634755325443
13467425,e,36000.0,63,22,6.289112908548438
13467425,e,36900.0,72,20,7.66698172005465
13467425,e,37800.0,67,22,6.745785200962753
13467425,e,38700.0,70,28,6.0
13467425,e,39600.0,66,21,6.82288239221013
13467425,e,40500.0,64,21,6.595898904087386
13467425,e,41400.0,73,18,8.153742483272113
13467425,e,42300.0,76,21,7.897539744795119
13467425,e,46800.0,65,29,5.251139693924204
13467425,e,47700.0,72,18,8.049844718999243
13467425,e,48600.0,71,14,8.743400872860024
13467425,e,49500.0,70,21,7.264243303278791
13467425,e,50400.0,74,32,5.769143685844939
13467425,e,51300.0,73,26,6.680289112475793
13467425,e,52200.0,80,38,5.4679342611946025
13467425,e,53100.0,70,32,5.321064319306437
13467425,e,57600.0,63,32,4.497952750682073
13467425,e,58500.0,54,42,1.7320508075688772
13467425,e,59400.0,62,41,2.9262786600247943
13467425,e,60300.0,73,40,4.390254694569079
13467425,e,61200.0,69,40,3.928255676575859
13467425,e,62100.0,74,43,4.0530667928558035
13467425,e,63000.0,74,53,2.6353143815802658
13467425,e,63900.0,87,32,7.1302409590738085
13467425,n,27000.0,76,70,0.7022468831767834
13467425,n,27900.0,75,63,1.4446302370292303
13467425,n,28800.0,69,66,0.3651483716701107
13467425,n,29700.0,80,65,1.7616606585441104
13467425,n,30600.0,68,58,1.259881576697424
13467425,n,31500.0,69,56,1.6443843832875573
13467425,n,32400.0,61,54,0.9231326627541018
13467425,n,33300.0,77,53,2.976833630141003
13467425,n,36000.0,71,67,0.4815434123430768
13467425,n,36900.0,68,66,0.24433888871261045
13467425,n,37800.0,76,73,0.34757066781809537
13467425,n,38700.0,65,64,0.12451456127293807
13467425,n,39600.0,72,84,1.3587324409735149
13467425,n,40500.0,89,71,2.0124611797498106
13467425,n,41400.0,87,78,0.9908673886137246
13467425,n,42300.0,72,75,0.3499271061118826
13467425,n,46800.0,86,89,0.32071349029490925
13467425,n,47700.0,93,94,0.10341753799900383
13467425,n,48600.0,97,106,0.8933250005738372
13467425,n,49500.0,95,112,1.6710088364221676
13467425,n,50400.0,101,119,1.7162326606420661
13467425,n,51300.0,98,112,1.3662601021279464
13467425,n,52200.0,86,106,2.041241452319315
13467425,n,53100.0,97,96,0.10179731971185751
13467425,n,57600.0,99,102,0.2992528008322899
13467425,n,58500.0,66,52,1.8226447537315342
13467425,n,59400.0,61,55,0.7878385971583354
13467425,n,60300.0,66,56,1.2803687993289599
13467425,n,61200.0,61,63,0.254000254000381
13467425,n,62100.0,83,80,0.3323092653730268
13467425,n,63000.0,76,61,1.812366279990531
13467425,n,63900.0,35,83,6.249067727079546
13467425,s,27000.0,199,215,1.1120768749710654
13467425,s,27900.0,236,248,0.7713892158398701
13467425,s,28800.0,210,264,3.507676933292807
13467425,s,29700.0,240,248,0.5121475197315839
13467425,s,30600.0,198,308,6.9156407480812465
13467425,s,31500.0,243,252,0.5720775535473553
13467425,s,32400.0,249,266,1.059400819844585
13467425,s,33300.0,273,249,1.4855627054164149
13467425,s,36000.0,202,209,0.48830607449060903
13467425,s,36900.0,200,203,0.21134098610290405
13467425,s,37800.0,217,219,0.13545709229571928
13467425,s,38700.0,210,223,0.8835159658397602
13467425,s,39600.0,235,214,1.4015581529585996
13467425,s,40500.0,207,202,0.3496418006375328
13467425,s,41400.0,210,221,0.7493229736191888
13467425,s,42300.0,227,181,3.2206441932644227
13467425,s,46800.0,167,176,0.6872431934890912
13467425,s,47700.0,164,170,0.46429393952048215
13467425,s,48600.0,155,157,0.16012815380508713
13467425,s,49500.0,171,174,0.22841609628806428
13467425,s,50400.0,167,162,0.38984058779272523
13467425,s,51300.0,170,165,0.3863337046431279
13467425,s,52200.0,203,202,0.07027283689263066
13467425,s,53100.0,153,149,0.32551538350846376
13467425,s,57600.0,156,166,0.7881104062391006
13467425,s,58500.0,158,162,0.31622776601683794
13467425,s,59400.0,179,186,0.5181632471383237
13467425,s,60300.0,181,190,0.6608007883929171
13467425,s,61200.0,180,186,0.4435327625727437
13467425,s,62100.0,168,169,0.07703712157713453
13467425,s,63000.0,156,165,0.7104033341674725
13467425,s,63900.0,39,185,13.795703264836794
14254942,n,27000.0,0,69,11.74734012447073
14254942,n,27900.0,0,72,12.0
14254942,n,28800.0,0,100,14.142135623730951
14254942,n,29700.0,0,85,13.038404810405298
14254942,n,30600.0,0,75,12.24744871391589
14254942,n,31500.0,0,79,12.569805089976535
14254942,n,32400.0,0,74,12.165525060596439
14254942,n,33300.0,0,67,11.575836902790225
14254942,n,36000.0,0,60,10.954451150103322
14254942,n,36900.0,0,48,9.797958971132712
14254942,n,37800.0,0,67,11.575836902790225
14254942,n,38700.0,0,56,10.583005244258363
14254942,n,39600.0,0,81,12.727922061357855
14254942,n,40500.0,0,63,11.224972160321824
14254942,n,41400.0,0,80,12.649110640673518
14254942,n,42300.0,0,73,12.083045973594572
14254942,n,46800.0,0,81,12.727922061357855
14254942,n,47700.0,0,71,11.916375287812984
14254942,n,48600.0,0,69,11.74734012447073
14254942,n,49500.0,0,69,11.74734012447073
14254942,n,50400.0,0,85,13.038404810405298
14254942,n,51300.0,0,84,12.96148139681572
14254942,n,52200.0,0,84,12.96148139681572
14254942,n,53100.0,0,84,12.96148139681572
14254942,n,57600.0,0,92,13.564659966250536
14254942,n,58500.0,0,90,13.416407864998739
14254942,n,59400.0,0,77,12.409673645990857
14254942,n,60300.0,0,83,12.884098726725126
14254942,n,61200.0,0,96,13.856406460551018
14254942,n,62100.0,0,77,12.409673645990857
14254942,n,63000.0,40,85,5.692099788303083
14254942,n,63900.0,184,111,6.010724878026113
