detector_id,begin,sim_count,centreline_id,direction,real_count,geh,diff
det_13467132_n,27000.0,12,13467132,n,6,2.0,6
det_13467132_s,27000.0,47,13467132,s,17,5.303300858899107,30
det_13467132_w,27000.0,16,13467132,w,76,8.846517369293828,-60
det_13467037_n,27000.0,7,13467037,n,8,0.3651483716701107,-1
det_13467037_s,27000.0,33,13467037,s,16,3.4345186514775166,17
det_13467037_e,27000.0,0,13467037,e,175,18.708286933869708,-175
det_13467239_n,27000.0,9,13467239,n,90,11.512838683202963,-81
det_13467239_s,27000.0,66,13467239,s,185,10.622459855723353,-119
det_13467239_w,27000.0,0,13467239,w,83,12.884098726725126,-83
det_13467327_n,27000.0,15,13467327,n,8,2.06418738616856,7
det_13467327_e,27000.0,3,13467327,e,20,5.013026509266503,-17
det_13467327_w,27000.0,96,13467327,w,32,8.0,64
det_13467080_n,27000.0,13,13467080,n,117,12.89961239727768,-104
det_13467080_s,27000.0,31,13467080,s,153,12.719379257481561,-122
det_13467080_e,27000.0,2,13467080,e,176,18.443963112110662,-174
det_14254942_n,27000.0,0,14254942,n,69,11.74734012447073,-69
det_14254942_s,27000.0,4,14254942,s,27,5.8420058420087635,-23
det_14254942_w,27000.0,24,14254942,w,85,8.262882630038876,-61
det_13467425_n,27000.0,72,13467425,n,70,0.23735633163877068,2
det_13467425_s,27000.0,114,13467425,s,215,7.87477987341305,-101
det_13467425_e,27000.0,26,13467425,e,14,2.6832815729997477,12
det_13467160_n,27000.0,8,13467160,n,31,5.208474357065141,-23
det_13467160_s,27000.0,4,13467160,s,5,0.4714045207910317,-1
det_13467160_e,27000.0,3,13467160,e,45,8.573214099741124,-42
det_13467132_n,27900.0,11,13467132,n,11,0.0,0
det_13467132_s,27900.0,51,13467132,s,17,5.830951894845301,34
det_13467132_w,27900.0,19,13467132,w,83,8.961792537779262,-64
det_13467037_n,27900.0,9,13467037,n,10,0.3244428422615251,-1
det_13467037_s,27900.0,37,13467037,s,15,4.314554973040049,22
det_13467037_e,27900.0,0,13467037,e,209,20.445048300260872,-209
det_13467239_n,27900.0,18,13467239,n,91,9.888367737587506,-73
det_13467239_s,27900.0,68,13467239,s,201,11.468074320675434,-133
det_13467239_w,27900.0,0,13467239,w,93,13.638181696985855,-93
det_13467327_n,27900.0,23,13467327,n,12,2.6295029405356662,11
det_13467327_e,27900.0,5,13467327,e,22,4.626813958590447,-17
det_13467327_w,27900.0,90,13467327,w,36,6.80336051416609,54
det_13467080_n,27900.0,21,13467080,n,129,12.470765814495916,-108
det_13467080_s,27900.0,38,13467080,s,165,12.605808341430814,-127
det_13467080_e,27900.0,1,13467080,e,199,19.8,-198
det_14254942_n,27900.0,0,14254942,n,72,12.0,-72
det_14254942_s,27900.0,5,14254942,s,44,7.879189847507244,-39
det_14254942_w,27900.0,18,14254942,w,79,8.759089535136406,-61
det_13467425_n,27900.0,68,13467425,n,63,0.6178020632152155,5
det_13467425_s,27900.0,70,13467425,s,248,14.116318225782965,-178
det_13467425_e,27900.0,53,13467425,e,34,2.880772565599833,19
det_13467160_n,27900.0,12,13467160,n,27,3.3968311024337874,-15
det_13467160_s,27900.0,7,13467160,s,3,1.7888543819998317,4
det_13467160_e,27900.0,4,13467160,e,49,8.741572761215378,-45
det_13467132_n,28800.0,7,13467132,n,13,1.8973665961010275,-6
det_13467132_s,28800.0,60,13467132,s,13,7.779495352862258,47
det_13467132_w,28800.0,17,13467132,w,82,9.23869770874312,-65
det_13467037_n,28800.0,5,13467037,n,14,2.919985580353726,-9
det_13467037_s,28800.0,39,13467037,s,14,4.856429311786321,25
det_13467037_e,28800.0,0,13467037,e,238,21.817424229271428,-238
det_13467239_n,28800.0,10,13467239,n,97,11.89439513022914,-87
det_13467239_s,28800.0,53,13467239,s,205,13.382853776149481,-152
det_13467239_w,28800.0,0,13467239,w,68,11.661903789690601,-68
det_13467327_n,28800.0,23,13467327,n,12,2.6295029405356662,11
det_13467327_e,28800.0,3,13467327,e,21,5.196152422706632,-18
det_13467327_w,28800.0,94,13467327,w,31,7.968939703624316,63
det_13467080_n,28800.0,17,13467080,n,134,13.465186900973402,-117
det_13467080_s,28800.0,29,13467080,s,154,13.067709337232918,-125
det_13467080_e,28800.0,2,13467080,e,234,21.357331135241104,-232
det_14254942_n,28800.0,0,14254942,n,100,14.142135623730951,-100
det_14254942_s,28800.0,2,14254942,s,44,8.75760539039714,-42
det_14254942_w,28800.0,16,14254942,w,65,7.699607172920184,-49
det_13467425_n,28800.0,62,13467425,n,66,0.5,-4
det_13467425_s,28800.0,70,13467425,s,264,15.012170711162256,-194
det_13467425_e,28800.0,36,13467425,e,23,2.393494006535641,13
det_13467160_n,28800.0,8,13467160,n,32,5.366563145999495,-24
det_13467160_s,28800.0,3,13467160,s,7,1.7888543819998317,-4
det_13467160_e,28800.0,5,13467160,e,51,8.693182879212227,-46
det_13467132_n,29700.0,11,13467132,n,9,0.6324555320336759,2
det_13467132_s,29700.0,54,13467132,s,21,5.388877434122992,33
det_13467132_w,29700.0,18,13467132,w,87,9.522904718924488,-69
det_13467037_n,29700.0,2,13467037,n,9,2.9848100289785457,-7
det_13467037_s,29700.0,30,13467037,s,30,0.0,0
det_13467037_e,29700.0,0,13467037,e,225,21.213203435596427,-225
det_13467239_n,29700.0,15,13467239,n,89,10.261953630166738,-74
det_13467239_s,29700.0,64,13467239,s,215,12.78467945135251,-151
det_13467239_w,29700.0,0,13467239,w,90,13.416407864998739,-90
det_13467327_n,29700.0,20,13467327,n,21,0.2208630521496931,-1
det_13467327_e,29700.0,4,13467327,e,28,6.0,-24
det_13467327_w,29700.0,91,13467327,w,48,5.157937237574978,43
det_13467080_n,29700.0,22,13467080,n,108,10.666987174671927,-86
det_13467080_s,29700.0,37,13467080,s,168,12.939257716109624,-131
det_13467080_e,29700.0,1,13467080,e,242,21.863964000397996,-241
det_14254942_n,29700.0,0,14254942,n,85,13.038404810405298,-85
det_14254942_s,29700.0,3,14254942,s,46,8.687311883149013,-43
det_14254942_w,29700.0,20,14254942,w,71,7.560743029943232,-51
det_13467425_n,29700.0,58,13467425,n,65,0.8926073982886736,-7
det_13467425_s,29700.0,85,13467425,s,248,12.632243410161696,-163
det_13467425_e,29700.0,40,13467425,e,29,1.872764367669247,11
det_13467160_n,29700.0,9,13467160,n,37,5.838403593598094,-28
det_13467160_s,29700.0,5,13467160,s,6,0.4264014327112209,-1
det_13467160_e,29700.0,1,13467160,e,75,12.004385163676428,-74
det_13467132_n,30600.0,12,13467132,n,10,0.6030226891555273,2
det_13467132_s,30600.0,46,13467132,s,16,5.388159060803247,30
det_13467132_w,30600.0,20,13467132,w,104,10.668010668016002,-84
det_13467037_n,30600.0,7,13467037,n,17,2.886751345948129,-10
det_13467037_s,30600.0,32,13467037,s,30,0.3592106040535498,2
det_13467037_e,30600.0,0,13467037,e,207,20.346989949375804,-207
det_13467239_n,30600.0,7,13467239,n,73,10.435516278555651,-66
det_13467239_s,30600.0,63,13467239,s,264,15.719443928816078,-201
det_13467239_w,30600.0,0,13467239,w,91,13.490737563232042,-91
det_13467327_n,30600.0,29,13467327,n,15,2.9848100289785457,14
det_13467327_e,30600.0,1,13467327,e,29,7.229568912920511,-28
det_13467327_w,30600.0,91,13467327,w,32,7.523405214147392,59
det_13467080_n,30600.0,19,13467080,n,119,12.03858530857692,-100
det_13467080_s,30600.0,31,13467080,s,171,13.930520662939847,-140
det_13467080_e,30600.0,3,13467080,e,223,20.69585910443914,-220
det_14254942_n,30600.0,0,14254942,n,75,12.24744871391589,-75
det_14254942_s,30600.0,1,14254942,s,44,9.065195959149355,-43
det_14254942_w,30600.0,13,14254942,w,76,9.444099281347855,-63
det_13467425_n,30600.0,65,13467425,n,58,0.8926073982886736,7
det_13467425_s,30600.0,91,13467425,s,308,15.363433461283915,-217
det_13467425_e,30600.0,35,13467425,e,20,2.860387767736777,15
det_13467160_n,30600.0,2,13467160,n,39,8.171932929538645,-37
det_13467160_s,30600.0,1,13467160,s,7,3.0,-6
det_13467160_e,30600.0,2,13467160,e,68,11.156036162416418,-66
det_13467132_n,31500.0,14,13467132,n,11,0.848528137423857,3
det_13467132_s,31500.0,57,13467132,s,27,4.6291004988627575,30
det_13467132_w,31500.0,8,13467132,w,94,12.042408722640884,-86
det_13467037_n,31500.0,14,13467037,n,13,0.2721655269759087,1
det_13467037_s,31500.0,35,13467037,s,30,0.8770580193070292,5
det_13467037_e,31500.0,0,13467037,e,238,21.817424229271428,-238
det_13467239_n,31500.0,13,13467239,n,81,9.91881942185683,-68
det_13467239_s,31500.0,57,13467239,s,216,13.60914366184703,-159
det_13467239_w,31500.0,0,13467239,w,82,12.806248474865697,-82
det_13467327_n,31500.0,24,13467327,n,14,2.2941573387056176,10
det_13467327_e,31500.0,4,13467327,e,38,7.419408268023741,-34
det_13467327_w,31500.0,94,13467327,w,44,6.01929265428846,50
det_13467080_n,31500.0,16,13467080,n,103,11.27874478980766,-87
det_13467080_s,31500.0,40,13467080,s,155,11.646502721462166,-115
det_13467080_e,31500.0,3,13467080,e,229,20.98357321400686,-226
det_14254942_n,31500.0,0,14254942,n,79,12.569805089976535,-79
det_14254942_s,31500.0,4,14254942,s,45,8.283250865328128,-41
det_14254942_w,31500.0,14,14254942,w,81,9.721381751474157,-67
det_13467425_n,31500.0,55,13467425,n,56,0.13423121104280486,-1
det_13467425_s,31500.0,63,13467425,s,252,15.05988047761336,-189
det_13467425_e,31500.0,55,13467425,e,30,3.834824944236852,25
det_13467160_n,31500.0,9,13467160,n,28,4.4174102722651325,-19
det_13467160_s,31500.0,4,13467160,s,3,0.5345224838248488,1
det_13467160_e,31500.0,1,13467160,e,78,12.251582176306242,-77
det_13467132_n,32400.0,9,13467132,n,11,0.6324555320336759,-2
det_13467132_s,32400.0,39,13467132,s,24,2.6726124191242437,15
det_13467132_w,32400.0,19,13467132,w,111,11.411195582207178,-92
det_13467037_n,32400.0,5,13467037,n,17,3.6181361349331636,-12
det_13467037_s,32400.0,21,13467037,s,28,1.4142135623730951,-7
det_13467037_e,32400.0,0,13467037,e,221,21.02379604162864,-221
det_13467239_n,32400.0,8,13467239,n,86,11.377469336835775,-78
det_13467239_s,32400.0,48,13467239,s,219,14.79978742635071,-171
det_13467239_w,32400.0,0,13467239,w,106,14.560219778561036,-106
det_13467327_n,32400.0,21,13467327,n,15,1.4142135623730951,6
det_13467327_e,32400.0,3,13467327,e,27,6.196773353931867,-24
det_13467327_w,32400.0,87,13467327,w,50,4.470503490643309,37
det_13467080_n,32400.0,11,13467080,n,125,13.82453062707098,-114
det_13467080_s,32400.0,20,13467080,s,163,14.949459481794458,-143
det_13467080_e,32400.0,4,13467080,e,233,21.03663671759784,-229
det_14254942_n,32400.0,0,14254942,n,74,12.165525060596439,-74
det_14254942_s,32400.0,2,14254942,s,45,8.870222717825623,-43
det_14254942_w,32400.0,16,14254942,w,95,10.604265672381583,-79
det_13467425_n,32400.0,68,13467425,n,54,1.7925163190605435,14
det_13467425_s,32400.0,77,13467425,s,266,14.432107063270916,-189
det_13467425_e,32400.0,35,13467425,e,26,1.6296434287653334,9
det_13467160_n,32400.0,6,13467160,n,31,5.812381937190964,-25
det_13467160_s,32400.0,2,13467160,s,3,0.6324555320336759,-1
det_13467160_e,32400.0,0,13467160,e,66,11.489125293076057,-66
det_13467132_n,33300.0,13,13467132,n,6,2.2710998958306754,7
det_13467132_s,33300.0,49,13467132,s,20,4.937287878400742,29
det_13467132_w,33300.0,17,13467132,w,114,11.98536002637518,-97
det_13467037_n,33300.0,8,13467037,n,9,0.3429971702850177,-1
det_13467037_s,33300.0,35,13467037,s,22,2.4351231101124045,13
det_13467037_e,33300.0,0,13467037,e,206,20.29778313018444,-206
det_13467239_n,33300.0,9,13467239,n,95,11.926054218842426,-86
det_13467239_s,33300.0,54,13467239,s,204,13.206763594884357,-150
det_13467239_w,33300.0,0,13467239,w,93,13.638181696985855,-93
det_13467327_n,33300.0,23,13467327,n,7,4.131182235954578,16
det_13467327_e,33300.0,2,13467327,e,37,7.92593923901217,-35
det_13467327_w,33300.0,91,13467327,w,49,5.019960159204453,42
det_13467080_n,33300.0,12,13467080,n,124,13.581995002034647,-112
det_13467080_s,33300.0,21,13467080,s,160,14.6113556081283,-139
det_13467080_e,33300.0,5,13467080,e,222,20.368629243734652,-217
det_14254942_n,33300.0,0,14254942,n,67,11.575836902790225,-67
det_14254942_s,33300.0,4,14254942,s,36,7.155417527999327,-32
det_14254942_w,33300.0,15,14254942,w,102,11.374735838014674,-87
det_13467425_n,33300.0,58,13467425,n,53,0.6711560552140243,5
det_13467425_s,33300.0,77,13467425,s,249,13.472079739792866,-172
det_13467425_e,33300.0,46,13467425,e,26,3.3333333333333335,20
det_13467160_n,33300.0,8,13467160,n,28,4.714045207910317,-20
det_13467160_s,33300.0,3,13467160,s,7,1.7888543819998317,-4
det_13467160_e,33300.0,4,13467160,e,51,8.962548338908567,-47
det_13467132_n,36000.0,11,13467132,n,12,0.29488391230979427,-1
det_13467132_s,36000.0,57,13467132,s,11,7.888934916555407,46
det_13467132_w,36000.0,24,13467132,w,87,8.456566295696707,-63
det_13467037_n,36000.0,15,13467037,n,10,1.4142135623730951,5
det_13467037_s,36000.0,35,13467037,s,15,4.0,20
det_13467037_e,36000.0,0,13467037,e,128,16.0,-128
det_13467239_n,36000.0,21,13467239,n,80,8.302451027817444,-59
det_13467239_s,36000.0,77,13467239,s,184,9.366525543993543,-107
det_13467239_w,36000.0,0,13467239,w,96,13.856406460551018,-96
det_13467327_n,36000.0,28,13467327,n,6,5.335783750799325,22
det_13467327_e,36000.0,1,13467327,e,24,6.505382386916237,-23
det_13467327_w,36000.0,92,13467327,w,33,7.4629752779973755,59
det_13467080_n,36000.0,22,13467080,n,106,10.5,-84
det_13467080_s,36000.0,41,13467080,s,149,11.080566202519664,-108
det_13467080_e,36000.0,4,13467080,e,121,14.799459449588015,-117
det_14254942_n,36000.0,0,14254942,n,60,10.954451150103322,-60
det_14254942_s,36000.0,8,14254942,s,44,7.060180864974625,-36
det_14254942_w,36000.0,24,14254942,w,84,8.16496580927726,-60
det_13467425_n,36000.0,71,13467425,n,67,0.4815434123430768,4
det_13467425_s,36000.0,103,13467425,s,209,8.486792151669619,-106
det_13467425_e,36000.0,38,13467425,e,22,2.9211869733608857,16
det_13467160_n,36000.0,8,13467160,n,24,4.0,-16
det_13467160_s,36000.0,8,13467160,s,6,0.7559289460184544,2
det_13467160_e,36000.0,3,13467160,e,51,9.237604307034012,-48
det_13467132_n,36900.0,12,13467132,n,8,1.2649110640673518,4
det_13467132_s,36900.0,41,13467132,s,16,4.68292905790847,25
det_13467132_w,36900.0,15,13467132,w,99,11.126071799346368,-84
det_13467037_n,36900.0,10,13467037,n,16,1.6641005886756874,-6
det_13467037_s,36900.0,27,13467037,s,17,2.1320071635561044,10
det_13467037_e,36900.0,0,13467037,e,117,15.297058540778355,-117
det_13467239_n,36900.0,12,13467239,n,98,11.596237634367764,-86
det_13467239_s,36900.0,50,13467239,s,191,12.84474802661461,-141
det_13467239_w,36900.0,0,13467239,w,108,14.696938456699069,-108
det_13467327_n,36900.0,22,13467327,n,11,2.70801280154532,11
det_13467327_e,36900.0,4,13467327,e,28,6.0,-24
det_13467327_w,36900.0,88,13467327,w,21,9.075625183813191,67
det_13467080_n,36900.0,13,13467080,n,124,13.411510471929928,-111
det_13467080_s,36900.0,25,13467080,s,163,14.233613198371348,-138
det_13467080_e,36900.0,1,13467080,e,130,15.93929323095256,-129
det_14254942_n,36900.0,0,14254942,n,48,9.797958971132712,-48
det_14254942_s,36900.0,0,14254942,s,40,8.94427190999916,-40
det_14254942_w,36900.0,10,14254942,w,84,10.794009370844197,-74
det_13467425_n,36900.0,68,13467425,n,66,0.24433888871261045,2
det_13467425_s,36900.0,67,13467425,s,203,11.705016335204638,-136
det_13467425_e,36900.0,30,13467425,e,20,2.0,10
det_13467160_n,36900.0,5,13467160,n,28,5.662208585049306,-23
det_13467160_s,36900.0,1,13467160,s,7,3.0,-6
det_13467160_e,36900.0,0,13467160,e,50,10.0,-50
det_13467132_n,37800.0,17,13467132,n,18,0.23904572186687872,-1
det_13467132_s,37800.0,43,13467132,s,15,5.199469468957452,28
det_13467132_w,37800.0,17,13467132,w,77,8.751899489873674,-60
det_13467037_n,37800.0,13,13467037,n,21,1.9402850002906638,-8
det_13467037_s,37800.0,29,13467037,s,13,3.491486243775878,16
det_13467037_e,37800.0,0,13467037,e,151,17.378147196982766,-151
det_13467239_n,37800.0,16,13467239,n,89,10.074957166398372,-73
det_13467239_s,37800.0,62,13467239,s,195,11.732757031006741,-133
det_13467239_w,37800.0,0,13467239,w,92,13.564659966250536,-92
det_13467327_n,37800.0,18,13467327,n,10,2.138089935299395,8
det_13467327_e,37800.0,5,13467327,e,35,6.708203932499369,-30
det_13467327_w,37800.0,87,13467327,w,35,6.6579177565105905,52
det_13467080_n,37800.0,21,13467080,n,102,10.32874275162608,-81
det_13467080_s,37800.0,30,13467080,s,162,13.47219358530748,-132
det_13467080_e,37800.0,4,13467080,e,145,16.33582138745048,-141
det_14254942_n,37800.0,0,14254942,n,67,11.575836902790225,-67
det_14254942_s,37800.0,3,14254942,s,28,6.350006350009525,-25
det_14254942_w,37800.0,17,14254942,w,82,9.23869770874312,-65
det_13467425_n,37800.0,71,13467425,n,73,0.23570226039551584,-2
det_13467425_s,37800.0,86,13467425,s,219,10.770025191379583,-133
det_13467425_e,37800.0,37,13467425,e,22,2.76172385369497,15
det_13467160_n,37800.0,10,13467160,n,39,5.858884758402822,-29
det_13467160_s,37800.0,5,13467160,s,3,1.0,2
det_13467160_e,37800.0,2,13467160,e,43,8.64355893779357,-41
det_13467132_n,38700.0,8,13467132,n,7,0.3651483716701107,1
det_13467132_s,38700.0,54,13467132,s,15,6.639800939918239,39
det_13467132_w,38700.0,11,13467132,w,95,11.538287371689878,-84
det_13467037_n,38700.0,7,13467037,n,7,0.0,0
det_13467037_s,38700.0,32,13467037,s,19,2.5743836117393535,13
det_13467037_e,38700.0,0,13467037,e,136,16.492422502470642,-136
det_13467239_n,38700.0,4,13467239,n,80,11.727054597118984,-76
det_13467239_s,38700.0,45,13467239,s,211,14.67246570962086,-166
det_13467239_w,38700.0,0,13467239,w,96,13.856406460551018,-96
det_13467327_n,38700.0,15,13467327,n,8,2.06418738616856,7
det_13467327_e,38700.0,4,13467327,e,31,6.454234490405725,-27
det_13467327_w,38700.0,92,13467327,w,32,7.62000762001143,60
det_13467080_n,38700.0,14,13467080,n,99,11.308231789041567,-85
det_13467080_s,38700.0,23,13467080,s,164,14.58187285785954,-141
det_13467080_e,38700.0,0,13467080,e,138,16.61324772583615,-138
det_14254942_n,38700.0,0,14254942,n,56,10.583005244258363,-56
det_14254942_s,38700.0,5,14254942,s,35,6.708203932499369,-30
det_14254942_w,38700.0,18,14254942,w,94,10.155927192672127,-76
det_13467425_n,38700.0,58,13467425,n,64,0.7682212795973759,-6
det_13467425_s,38700.0,42,13467425,s,223,15.72427518802311,-181
det_13467425_e,38700.0,42,13467425,e,28,2.3664319132398464,14
det_13467160_n,38700.0,12,13467160,n,25,3.0224386073393013,-13
det_13467160_s,38700.0,4,13467160,s,10,2.2677868380553634,-6
det_13467160_e,38700.0,5,13467160,e,50,8.581163303210332,-45
det_13467132_n,39600.0,14,13467132,n,17,0.762000762001143,-3
det_13467132_s,39600.0,42,13467132,s,12,5.773502691896258,30
det_13467132_w,39600.0,18,13467132,w,94,10.155927192672127,-76
det_13467037_n,39600.0,8,13467037,n,9,0.3429971702850177,-1
det_13467037_s,39600.0,31,13467037,s,21,1.9611613513818404,10
det_13467037_e,39600.0,0,13467037,e,145,17.029386365926403,-145
det_13467239_n,39600.0,7,13467239,n,105,13.095800853708795,-98
det_13467239_s,39600.0,57,13467239,s,199,12.551145366061219,-142
det_13467239_w,39600.0,0,13467239,w,107,14.628738838327793,-107
det_13467327_n,39600.0,23,13467327,n,5,4.810702354423639,18
det_13467327_e,39600.0,2,13467327,e,22,5.773502691896258,-20
det_13467327_w,39600.0,89,13467327,w,25,8.47700708521628,64
det_13467080_n,39600.0,13,13467080,n,121,13.194299990480964,-108
det_13467080_s,39600.0,25,13467080,s,168,14.557016718795625,-143
det_13467080_e,39600.0,3,13467080,e,141,16.263455967290593,-138
det_14254942_n,39600.0,0,14254942,n,81,12.727922061357855,-81
det_14254942_s,39600.0,4,14254942,s,25,5.514870180108348,-21
det_14254942_w,39600.0,16,14254942,w,89,10.074957166398372,-73
det_13467425_n,39600.0,75,13467425,n,84,1.0093898773656798,-9
det_13467425_s,39600.0,77,13467425,s,214,11.357665410368591,-137
det_13467425_e,39600.0,36,13467425,e,21,2.809757434745082,15
det_13467160_n,39600.0,8,13467160,n,35,5.822969752985674,-27
det_13467160_s,39600.0,6,13467160,s,5,0.4264014327112209,1
det_13467160_e,39600.0,4,13467160,e,41,7.800284895082002,-37
det_13467132_n,40500.0,10,13467132,n,18,2.138089935299395,-8
det_13467132_s,40500.0,56,13467132,s,14,7.0992957397195395,42
det_13467132_w,40500.0,22,13467132,w,107,10.583737708199735,-85
det_13467037_n,40500.0,14,13467037,n,14,0.0,0
det_13467037_s,40500.0,37,13467037,s,19,3.401680257083045,18
det_13467037_e,40500.0,0,13467037,e,131,16.186414056238647,-131
det_13467239_n,40500.0,5,13467239,n,92,12.492471959948643,-87
det_13467239_s,40500.0,62,13467239,s,184,11.000369542942675,-122
det_13467239_w,40500.0,0,13467239,w,119,15.427248620541512,-119
det_13467327_n,40500.0,25,13467327,n,13,2.752988806446741,12
det_13467327_e,40500.0,4,13467327,e,18,4.221158824088691,-14
det_13467327_w,40500.0,92,13467327,w,17,10.159281922178945,75
det_13467080_n,40500.0,10,13467080,n,109,12.834433726332856,-99
det_13467080_s,40500.0,25,13467080,s,162,14.168202705863525,-137
det_13467080_e,40500.0,6,13467080,e,125,14.703689104522129,-119
det_14254942_n,40500.0,0,14254942,n,63,11.224972160321824,-63
det_14254942_s,40500.0,4,14254942,s,25,5.514870180108348,-21
det_14254942_w,40500.0,15,14254942,w,115,12.403473458920846,-100
det_13467425_n,40500.0,73,13467425,n,71,0.23570226039551584,2
det_13467425_s,40500.0,97,13467425,s,202,8.587538611150073,-105
det_13467425_e,40500.0,39,13467425,e,21,3.286335345030997,18
det_13467160_n,40500.0,10,13467160,n,23,3.200378765462651,-13
det_13467160_s,40500.0,8,13467160,s,3,2.1320071635561044,5
det_13467160_e,40500.0,3,13467160,e,35,7.341303483857977,-32
det_13467132_n,41400.0,18,13467132,n,22,0.8944271909999159,-4
det_13467132_s,41400.0,61,13467132,s,12,8.110537708303207,49
det_13467132_w,41400.0,12,13467132,w,90,10.922184655418476,-78
det_13467037_n,41400.0,15,13467037,n,15,0.0,0
det_13467037_s,41400.0,36,13467037,s,12,4.898979485566356,24
det_13467037_e,41400.0,0,13467037,e,128,16.0,-128
det_13467239_n,41400.0,13,13467239,n,82,10.01157225151816,-69
det_13467239_s,41400.0,59,13467239,s,201,12.454223874159815,-142
det_13467239_w,41400.0,0,13467239,w,104,14.422205101855956,-104
det_13467327_n,41400.0,26,13467327,n,10,3.7712361663282534,16
det_13467327_e,41400.0,6,13467327,e,28,5.335783750799325,-22
det_13467327_w,41400.0,95,13467327,w,37,7.139306476801298,58
det_13467080_n,41400.0,25,13467080,n,93,8.852845946696023,-68
det_13467080_s,41400.0,37,13467080,s,167,12.871918058696766,-130
det_13467080_e,41400.0,1,13467080,e,126,15.686395128453965,-125
det_14254942_n,41400.0,0,14254942,n,80,12.649110640673518,-80
det_14254942_s,41400.0,6,14254942,s,34,6.260990336999411,-28
det_14254942_w,41400.0,22,14254942,w,90,9.086882225022428,-68
det_13467425_n,41400.0,83,13467425,n,78,0.5572782125753528,5
det_13467425_s,41400.0,74,13467425,s,221,12.103788453011488,-147
det_13467425_e,41400.0,30,13467425,e,18,2.449489742783178,12
det_13467160_n,41400.0,17,13467160,n,40,4.308294733275792,-23
det_13467160_s,41400.0,7,13467160,s,2,2.3570226039551585,5
det_13467160_e,41400.0,3,13467160,e,29,6.5,-26
det_13467132_n,42300.0,13,13467132,n,17,1.0327955589886444,-4
det_13467132_s,42300.0,59,13467132,s,15,7.233555441435721,44
det_13467132_w,42300.0,28,13467132,w,103,9.267030948228232,-75
det_13467037_n,42300.0,10,13467037,n,10,0.0,0
det_13467037_s,42300.0,36,13467037,s,12,4.898979485566356,24
det_13467037_e,42300.0,1,13467037,e,124,15.558406088028427,-123
det_13467239_n,42300.0,11,13467239,n,95,11.538287371689878,-84
det_13467239_s,42300.0,65,13467239,s,156,8.656857193611792,-91
det_13467239_w,42300.0,0,13467239,w,107,14.628738838327793,-107
det_13467327_n,42300.0,32,13467327,n,7,5.661385170722979,25
det_13467327_e,42300.0,5,13467327,e,31,6.128258770283412,-26
det_13467327_w,42300.0,93,13467327,w,29,8.194360315705342,64
det_13467080_n,42300.0,14,13467080,n,112,12.346839451634757,-98
det_13467080_s,42300.0,30,13467080,s,136,11.635011558907177,-106
det_13467080_e,42300.0,4,13467080,e,111,14.110742130669841,-107
det_14254942_n,42300.0,0,14254942,n,73,12.083045973594572,-73
det_14254942_s,42300.0,2,14254942,s,26,6.4142698058981855,-24
det_14254942_w,42300.0,15,14254942,w,121,12.854388126925649,-106
det_13467425_n,42300.0,75,13467425,n,75,0.0,0
det_13467425_s,42300.0,109,13467425,s,181,5.979274549469277,-72
det_13467425_e,42300.0,32,13467425,e,21,2.1368288971859815,11
det_13467160_n,42300.0,8,13467160,n,31,5.208474357065141,-23
det_13467160_s,42300.0,3,13467160,s,5,1.0,-2
det_13467160_e,42300.0,6,13467160,e,41,7.219948723811553,-35
det_13467132_n,46800.0,10,13467132,n,8,0.6666666666666666,2
det_13467132_s,46800.0,51,13467132,s,12,6.948792289723034,39
det_13467132_w,46800.0,16,13467132,w,94,10.517517854426577,-78
det_13467037_n,46800.0,7,13467037,n,5,0.816496580927726,2
det_13467037_s,46800.0,31,13467037,s,12,4.09764538173066,19
det_13467037_e,46800.0,0,13467037,e,123,15.684387141358123,-123
det_13467239_n,46800.0,13,13467239,n,104,11.897712198383164,-91
det_13467239_s,46800.0,54,13467239,s,159,10.174533245341694,-105
det_13467239_w,46800.0,0,13467239,w,107,14.628738838327793,-107
det_13467327_n,46800.0,13,13467327,n,10,0.8846517369293828,3
det_13467327_e,46800.0,3,13467327,e,33,7.0710678118654755,-30
det_13467327_w,46800.0,90,13467327,w,21,9.261953561953536,69
det_13467080_n,46800.0,18,13467080,n,116,11.972605546917912,-98
det_13467080_s,46800.0,26,13467080,s,129,11.700013785489535,-103
det_13467080_e,46800.0,2,13467080,e,129,15.692172405666474,-127
det_14254942_n,46800.0,0,14254942,n,81,12.727922061357855,-81
det_14254942_s,46800.0,6,14254942,s,24,4.6475800154489,-18
det_14254942_w,46800.0,20,14254942,w,85,8.970852271450605,-65
det_13467425_n,46800.0,79,13467425,n,89,1.0910894511799618,-10
det_13467425_s,46800.0,76,13467425,s,176,8.90870806374748,-100
det_13467425_e,46800.0,35,13467425,e,29,1.0606601717798212,6
det_13467160_n,46800.0,9,13467160,n,38,5.982243228301002,-29
det_13467160_s,46800.0,6,13467160,s,7,0.3922322702763681,-1
det_13467160_e,46800.0,6,13467160,e,45,7.72315083521806,-39
det_13467132_n,47700.0,10,13467132,n,12,0.6030226891555273,-2
det_13467132_s,47700.0,48,13467132,s,12,6.572670690061994,36
det_13467132_w,47700.0,21,13467132,w,82,8.500142774357736,-61
det_13467037_n,47700.0,9,13467037,n,8,0.3429971702850177,1
det_13467037_s,47700.0,29,13467037,s,11,4.024922359499621,18
det_13467037_e,47700.0,0,13467037,e,118,15.362291495737216,-118
det_13467239_n,47700.0,5,13467239,n,120,14.546477236774544,-115
det_13467239_s,47700.0,74,13467239,s,162,8.101056637505245,-88
det_13467239_w,47700.0,0,13467239,w,80,12.649110640673518,-80
det_13467327_n,47700.0,27,13467327,n,15,2.6186146828319083,12
det_13467327_e,47700.0,2,13467327,e,17,4.8666426339228765,-15
det_13467327_w,47700.0,91,13467327,w,20,9.530415984039145,71
det_13467080_n,47700.0,13,13467080,n,129,13.766667235048699,-116
det_13467080_s,47700.0,43,13467080,s,134,9.673190862839757,-91
det_13467080_e,47700.0,3,13467080,e,118,14.784959970264175,-115
det_14254942_n,47700.0,0,14254942,n,71,11.916375287812984,-71
det_14254942_s,47700.0,2,14254942,s,34,7.542472332656507,-32
det_14254942_w,47700.0,17,14254942,w,81,9.142857142857142,-64
det_13467425_n,47700.0,80,13467425,n,94,1.5009575487729128,-14
det_13467425_s,47700.0,111,13467425,s,170,4.977529579193254,-59
det_13467425_e,47700.0,39,13467425,e,18,3.9336604086431146,21
det_13467160_n,47700.0,5,13467160,n,30,5.976143046671968,-25
det_13467160_s,47700.0,3,13467160,s,8,2.1320071635561044,-5
det_13467160_e,47700.0,0,13467160,e,24,6.928203230275509,-24
det_13467132_n,48600.0,16,13467132,n,14,0.5163977794943222,2
det_13467132_s,48600.0,55,13467132,s,8,8.374185579922631,47
det_13467132_w,48600.0,15,13467132,w,83,9.714285714285714,-68
det_13467037_n,48600.0,8,13467037,n,5,1.1766968108291043,3
det_13467037_s,48600.0,36,13467037,s,10,5.421374765483944,26
det_13467037_e,48600.0,0,13467037,e,127,15.937377450509228,-127
det_13467239_n,48600.0,7,13467239,n,123,14.388029212348181,-116
det_13467239_s,48600.0,51,13467239,s,132,8.46787565052693,-81
det_13467239_w,48600.0,0,13467239,w,115,15.165750888103101,-115
det_13467327_n,48600.0,19,13467327,n,9,2.6726124191242437,10
det_13467327_e,48600.0,5,13467327,e,20,4.242640687119285,-15
det_13467327_w,48600.0,92,13467327,w,33,7.4629752779973755,59
det_13467080_n,48600.0,11,13467080,n,134,14.445617400061707,-123
det_13467080_s,48600.0,29,13467080,s,123,10.782539491916403,-94
det_13467080_e,48600.0,3,13467080,e,114,14.512594000225619,-111
det_14254942_n,48600.0,0,14254942,n,69,11.74734012447073,-69
det_14254942_s,48600.0,3,14254942,s,42,8.221921916437786,-39
det_14254942_w,48600.0,20,14254942,w,92,9.621404708847278,-72
det_13467425_n,48600.0,90,13467425,n,106,1.616244071283537,-16
det_13467425_s,48600.0,82,13467425,s,157,6.8608403061952234,-75
det_13467425_e,48600.0,22,13467425,e,14,1.8856180831641267,8
det_13467160_n,48600.0,9,13467160,n,28,4.4174102722651325,-19
det_13467160_s,48600.0,5,13467160,s,19,4.041451884327381,-14
det_13467160_e,48600.0,2,13467160,e,26,6.4142698058981855,-24
det_13467132_n,49500.0,15,13467132,n,10,1.4142135623730951,5
det_13467132_s,49500.0,54,13467132,s,12,7.311261550139309,42
det_13467132_w,49500.0,29,13467132,w,83,7.216053531635458,-54
det_13467037_n,49500.0,11,13467037,n,13,0.5773502691896257,-2
det_13467037_s,49500.0,42,13467037,s,5,7.632517222315071,37
det_13467037_e,49500.0,0,13467037,e,107,14.628738838327793,-107
det_13467239_n,49500.0,9,13467239,n,130,14.514195482478426,-121
det_13467239_s,49500.0,79,13467239,s,158,7.2571803523590805,-79
det_13467239_w,49500.0,0,13467239,w,99,14.071247279470288,-99
det_13467327_n,49500.0,25,13467327,n,6,4.826004826007239,19
det_13467327_e,49500.0,2,13467327,e,17,4.8666426339228765,-15
det_13467327_w,49500.0,92,13467327,w,26,8.592468124734376,66
det_13467080_n,49500.0,16,13467080,n,150,14.708410838618507,-134
det_13467080_s,49500.0,34,13467080,s,132,10.756897478989654,-98
det_13467080_e,49500.0,3,13467080,e,105,13.880441875771343,-102
det_14254942_n,49500.0,0,14254942,n,69,11.74734012447073,-69
det_14254942_s,49500.0,3,14254942,s,29,6.5,-26
det_14254942_w,49500.0,18,14254942,w,91,9.888367737587506,-73
det_13467425_n,49500.0,97,13467425,n,112,1.4673479641335554,-15
det_13467425_s,49500.0,120,13467425,s,174,4.453844933748542,-54
det_13467425_e,49500.0,49,13467425,e,21,4.732863826479693,28
det_13467160_n,49500.0,10,13467160,n,36,5.421374765483944,-26
det_13467160_s,49500.0,7,13467160,s,16,2.6539552107881486,-9
det_13467160_e,49500.0,1,13467160,e,24,6.505382386916237,-23
det_13467132_n,50400.0,15,13467132,n,15,0.0,0
det_13467132_s,50400.0,53,13467132,s,8,8.148217143826667,45
det_13467132_w,50400.0,10,13467132,w,97,11.89439513022914,-87
det_13467037_n,50400.0,12,13467037,n,14,0.5547001962252291,-2
det_13467037_s,50400.0,35,13467037,s,14,4.242640687119285,21
det_13467037_e,50400.0,0,13467037,e,122,15.620499351813308,-122
det_13467239_n,50400.0,9,13467239,n,134,14.782809899727065,-125
det_13467239_s,50400.0,44,13467239,s,146,10.464979191268572,-102
det_13467239_w,50400.0,0,13467239,w,101,14.212670403551895,-101
det_13467327_n,50400.0,15,13467327,n,9,1.7320508075688772,6
det_13467327_e,50400.0,2,13467327,e,31,7.139306476801298,-29
det_13467327_w,50400.0,90,13467327,w,23,8.913547410185707,67
det_13467080_n,50400.0,12,13467080,n,138,14.54922678357857,-126
det_13467080_s,50400.0,27,13467080,s,122,11.006404480906353,-95
det_13467080_e,50400.0,2,13467080,e,133,15.944812229594836,-131
det_14254942_n,50400.0,0,14254942,n,85,13.038404810405298,-85
det_14254942_s,50400.0,5,14254942,s,29,5.820855000871991,-24
det_14254942_w,50400.0,16,14254942,w,98,10.861165327933358,-82
det_13467425_n,50400.0,115,13467425,n,119,0.36980013081681945,-4
det_13467425_s,50400.0,58,13467425,s,162,9.91601092815416,-104
det_13467425_e,50400.0,46,13467425,e,32,2.24179415327122,14
det_13467160_n,50400.0,7,13467160,n,31,5.505977612893482,-24
det_13467160_s,50400.0,4,13467160,s,8,1.632993161855452,-4
det_13467160_e,50400.0,3,13467160,e,28,6.350006350009525,-25
det_13467132_n,51300.0,15,13467132,n,14,0.2626128657194451,1
det_13467132_s,51300.0,57,13467132,s,19,6.164414002968976,38
det_13467132_w,51300.0,18,13467132,w,99,10.590271297461937,-81
det_13467037_n,51300.0,10,13467037,n,21,2.794002794004191,-11
det_13467037_s,51300.0,37,13467037,s,13,4.8,24
det_13467037_e,51300.0,0,13467037,e,117,15.297058540778355,-117
det_13467239_n,51300.0,12,13467239,n,129,13.93449721970468,-117
det_13467239_s,51300.0,56,13467239,s,145,8.877833091357934,-89
det_13467239_w,51300.0,0,13467239,w,113,15.033296378372908,-113
det_13467327_n,51300.0,25,13467327,n,11,3.2998316455372216,14
det_13467327_e,51300.0,1,13467327,e,22,6.192562158505679,-21
det_13467327_w,51300.0,93,13467327,w,26,8.685929895599003,67
det_13467080_n,51300.0,15,13467080,n,148,14.73237743153752,-133
det_13467080_s,51300.0,29,13467080,s,118,10.381170814652517,-89
det_13467080_e,51300.0,2,13467080,e,126,15.5,-124
det_14254942_n,51300.0,0,14254942,n,84,12.96148139681572,-84
det_14254942_s,51300.0,3,14254942,s,45,8.573214099741124,-42
det_14254942_w,51300.0,11,14254942,w,104,12.264476805161639,-93
det_13467425_n,51300.0,93,13467425,n,112,1.8766862336342203,-19
det_13467425_s,51300.0,68,13467425,s,165,8.986876459474342,-97
det_13467425_e,51300.0,39,13467425,e,26,2.280350850198276,13
det_13467160_n,51300.0,4,13467160,n,36,7.155417527999327,-32
det_13467160_s,51300.0,3,13467160,s,5,1.0,-2
det_13467160_e,51300.0,0,13467160,e,31,7.874007874011811,-31
det_13467132_n,52200.0,14,13467132,n,18,1.0,-4
det_13467132_s,52200.0,55,13467132,s,16,6.545614594714174,39
det_13467132_w,52200.0,20,13467132,w,73,7.772297096131724,-53
det_13467037_n,52200.0,14,13467037,n,21,1.6733200530681511,-7
det_13467037_s,52200.0,38,13467037,s,14,4.706787243316417,24
det_13467037_e,52200.0,0,13467037,e,124,15.748015748023622,-124
det_13467239_n,52200.0,9,13467239,n,122,13.962326628663869,-113
det_13467239_s,52200.0,66,13467239,s,189,10.893063092143173,-123
det_13467239_w,52200.0,0,13467239,w,72,12.0,-72
det_13467327_n,52200.0,27,13467327,n,13,3.1304951684997055,14
det_13467327_e,52200.0,7,13467327,e,29,5.185449728701348,-22
det_13467327_w,52200.0,96,13467327,w,31,8.156925466796062,65
det_13467080_n,52200.0,15,13467080,n,129,13.435028842544403,-114
det_13467080_s,52200.0,34,13467080,s,144,11.65997668006996,-110
det_13467080_e,52200.0,3,13467080,e,135,15.890932607321535,-132
det_14254942_n,52200.0,0,14254942,n,84,12.96148139681572,-84
det_14254942_s,52200.0,1,14254942,s,33,7.761140001162655,-32
det_14254942_w,52200.0,19,14254942,w,79,8.571428571428571,-60
det_13467425_n,52200.0,102,13467425,n,106,0.3922322702763681,-4
det_13467425_s,52200.0,88,13467425,s,202,9.467184703326357,-114
det_13467425_e,52200.0,62,13467425,e,38,3.394112549695428,24
det_13467160_n,52200.0,8,13467160,n,41,6.667006794044591,-33
det_13467160_s,52200.0,2,13467160,s,22,5.773502691896258,-20
det_13467160_e,52200.0,2,13467160,e,36,7.8001349515991,-34
det_13467132_n,53100.0,15,13467132,n,17,0.5,-2
det_13467132_s,53100.0,53,13467132,s,16,6.299298327614739,37
det_13467132_w,53100.0,15,13467132,w,82,9.620639325477692,-67
det_13467037_n,53100.0,17,13467037,n,13,1.0327955589886444,4
det_13467037_s,53100.0,27,13467037,s,14,2.8712196779460104,13
det_13467037_e,53100.0,0,13467037,e,136,16.492422502470642,-136
det_13467239_n,53100.0,11,13467239,n,136,14.580296087995109,-125
det_13467239_s,53100.0,62,13467239,s,139,7.680821888028774,-77
det_13467239_w,53100.0,0,13467239,w,87,13.19090595827292,-87
det_13467327_n,53100.0,29,13467327,n,6,5.498051602938211,23
det_13467327_e,53100.0,2,13467327,e,31,7.139306476801298,-29
det_13467327_w,53100.0,94,13467327,w,26,8.778762251403478,68
det_13467080_n,53100.0,15,13467080,n,152,14.99261295150957,-137
det_13467080_s,53100.0,38,13467080,s,112,8.544783984006461,-74
det_13467080_e,53100.0,2,13467080,e,142,16.49915822768611,-140
det_14254942_n,53100.0,0,14254942,n,84,12.96148139681572,-84
det_14254942_s,53100.0,4,14254942,s,38,7.419408268023741,-34
det_14254942_w,53100.0,22,14254942,w,95,9.544318576724956,-73
det_13467425_n,53100.0,99,13467425,n,96,0.3038218101251,3
det_13467425_s,53100.0,71,13467425,s,149,7.43700819611562,-78
det_13467425_e,53100.0,60,13467425,e,32,4.12837477233712,28
det_13467160_n,53100.0,10,13467160,n,38,5.715476066494082,-28
det_13467160_s,53100.0,6,13467160,s,17,3.243723035407737,-11
det_13467160_e,53100.0,5,13467160,e,37,6.982972487551756,-32
det_13467132_n,57600.0,9,13467132,n,21,3.0983866769659336,-12
det_13467132_s,57600.0,47,13467132,s,31,2.562050460881394,16
det_13467132_w,57600.0,22,13467132,w,93,9.363202722220176,-71
det_13467037_n,57600.0,9,13467037,n,23,3.5,-14
det_13467037_s,57600.0,30,13467037,s,17,2.681695240272863,13
det_13467037_e,57600.0,0,13467037,e,160,17.88854381999832,-160
det_13467239_n,57600.0,11,13467239,n,119,13.395751335634513,-108
det_13467239_s,57600.0,67,13467239,s,158,8.579562278396777,-91
det_13467239_w,57600.0,0,13467239,w,101,14.212670403551895,-101
det_13467327_n,57600.0,30,13467327,n,18,2.449489742783178,12
det_13467327_e,57600.0,6,13467327,e,32,5.964809080634606,-26
det_13467327_w,57600.0,87,13467327,w,35,6.6579177565105905,52
det_13467080_n,57600.0,16,13467080,n,117,12.385414657596309,-101
det_13467080_s,57600.0,28,13467080,s,105,9.442345828068474,-77
det_13467080_e,57600.0,2,13467080,e,162,17.669044171975447,-160
det_14254942_n,57600.0,0,14254942,n,92,13.564659966250536,-92
det_14254942_s,57600.0,2,14254942,s,54,9.827076298239907,-52
det_14254942_w,57600.0,15,14254942,w,110,12.016655108639842,-95
det_13467425_n,57600.0,111,13467425,n,102,0.8721028496007166,9
det_13467425_s,57600.0,96,13467425,s,166,6.1159283966272655,-70
det_13467425_e,57600.0,45,13467425,e,32,2.095139706465989,13
det_13467160_n,57600.0,8,13467160,n,37,6.1137368096588665,-29
det_13467160_s,57600.0,6,13467160,s,30,5.656854249492381,-24
det_13467160_e,57600.0,8,13467160,e,38,6.255432421712243,-30
det_13467132_n,58500.0,21,13467132,n,31,1.9611613513818404,-10
det_13467132_s,58500.0,58,13467132,s,21,5.887123902900402,37
det_13467132_w,58500.0,24,13467132,w,109,10.42336877124442,-85
det_13467037_n,58500.0,5,13467037,n,26,5.334005334008001,-21
det_13467037_s,58500.0,42,13467037,s,12,5.773502691896258,30
det_13467037_e,58500.0,0,13467037,e,177,18.81488772222678,-177
det_13467239_n,58500.0,14,13467239,n,74,9.045340337332908,-60
det_13467239_s,58500.0,71,13467239,s,148,7.358404631539447,-77
det_13467239_w,58500.0,0,13467239,w,110,14.832396974191326,-110
det_13467327_n,58500.0,29,13467327,n,15,2.9848100289785457,14
det_13467327_e,58500.0,2,13467327,e,36,7.8001349515991,-34
det_13467327_w,58500.0,96,13467327,w,39,6.937819061732104,57
det_13467080_n,58500.0,16,13467080,n,76,8.846517369293828,-60
det_13467080_s,58500.0,34,13467080,s,107,8.694173478961039,-73
det_13467080_e,58500.0,1,13467080,e,185,19.079911183039826,-184
det_14254942_n,58500.0,0,14254942,n,90,13.416407864998739,-90
det_14254942_s,58500.0,2,14254942,s,44,8.75760539039714,-42
det_14254942_w,58500.0,21,14254942,w,131,12.617865362880897,-110
det_13467425_n,58500.0,55,13467425,n,52,0.41015155621479793,3
det_13467425_s,58500.0,78,13467425,s,162,7.6681158050723255,-84
det_13467425_e,58500.0,52,13467425,e,42,1.4586499149789456,10
det_13467160_n,58500.0,8,13467160,n,44,7.060180864974625,-36
det_13467160_s,58500.0,4,13467160,s,21,4.8083261120685235,-17
det_13467160_e,58500.0,3,13467160,e,41,8.101627221513196,-38
det_13467132_n,59400.0,15,13467132,n,36,4.158619680502032,-21
det_13467132_s,59400.0,57,13467132,s,26,4.812133259379264,31
det_13467132_w,59400.0,36,13467132,w,88,6.604006604009906,-52
det_13467037_n,59400.0,18,13467037,n,26,1.7056057308448835,-8
det_13467037_s,59400.0,49,13467037,s,14,6.236095644623235,35
det_13467037_e,59400.0,0,13467037,e,147,17.146428199482248,-147
det_13467239_n,59400.0,14,13467239,n,106,11.877148928369412,-92
det_13467239_s,59400.0,95,13467239,s,161,5.833630944789017,-66
det_13467239_w,59400.0,0,13467239,w,78,12.489995996796797,-78
det_13467327_n,59400.0,41,13467327,n,13,5.388602512436507,28
det_13467327_e,59400.0,4,13467327,e,53,9.178540953500601,-49
det_13467327_w,59400.0,93,13467327,w,50,5.08528660550611,43
det_13467080_n,59400.0,20,13467080,n,127,12.480733451323813,-107
det_13467080_s,59400.0,36,13467080,s,99,7.6681158050723255,-63
det_13467080_e,59400.0,4,13467080,e,148,16.517932838680448,-144
det_14254942_n,59400.0,0,14254942,n,77,12.409673645990857,-77
det_14254942_s,59400.0,4,14254942,s,52,9.071147352221454,-48
det_14254942_w,59400.0,19,14254942,w,117,11.884245626780316,-98
det_13467425_n,59400.0,65,13467425,n,55,1.2909944487358056,10
det_13467425_s,59400.0,112,13467425,s,186,6.0623162118408995,-74
det_13467425_e,59400.0,63,13467425,e,41,3.05085107923876,22
det_13467160_n,59400.0,11,13467160,n,42,6.021972346615038,-31
det_13467160_s,59400.0,4,13467160,s,21,4.8083261120685235,-17
det_13467160_e,59400.0,6,13467160,e,46,7.844645405527362,-40
det_13467132_n,60300.0,16,13467132,n,37,4.0794006219005094,-21
det_13467132_s,60300.0,57,13467132,s,30,4.093729435326078,27
det_13467132_w,60300.0,21,13467132,w,97,9.894357234542614,-76
det_13467037_n,60300.0,15,13467037,n,32,3.5068322372798977,-17
det_13467037_s,60300.0,35,13467037,s,18,3.3023719320146983,17
det_13467037_e,60300.0,0,13467037,e,174,18.65475810617763,-174
det_13467239_n,60300.0,10,13467239,n,106,12.605417554533366,-96
det_13467239_s,60300.0,67,13467239,s,171,9.533664369093398,-104
det_13467239_w,60300.0,0,13467239,w,82,12.806248474865697,-82
det_13467327_n,60300.0,26,13467327,n,14,2.6832815729997477,12
det_13467327_e,60300.0,4,13467327,e,42,7.9235477341688405,-38
det_13467327_w,60300.0,95,13467327,w,39,6.841488883953093,56
det_13467080_n,60300.0,19,13467080,n,125,12.492219800962339,-106
det_13467080_s,60300.0,30,13467080,s,109,9.476210273684261,-79
det_13467080_e,60300.0,3,13467080,e,176,18.286668221326472,-173
det_14254942_n,60300.0,0,14254942,n,83,12.884098726725126,-83
det_14254942_s,60300.0,4,14254942,s,50,8.852704127574262,-46
det_14254942_w,60300.0,18,14254942,w,124,12.579885576854846,-106
det_13467425_n,60300.0,56,13467425,n,56,0.0,0
det_13467425_s,60300.0,88,13467425,s,190,8.651527082735702,-102
det_13467425_e,60300.0,57,13467425,e,40,2.4410577393003097,17
det_13467160_n,60300.0,9,13467160,n,45,6.928203230275509,-36
det_13467160_s,60300.0,4,13467160,s,24,5.3452248382484875,-20
det_13467160_e,60300.0,2,13467160,e,34,7.542472332656507,-32
det_13467132_n,61200.0,17,13467132,n,35,3.5300904324873126,-18
det_13467132_s,61200.0,54,13467132,s,32,3.3549685473173025,22
det_13467132_w,61200.0,21,13467132,w,121,11.867816581938532,-100
det_13467037_n,61200.0,7,13467037,n,44,7.32709181802739,-37
det_13467037_s,61200.0,34,13467037,s,17,3.366501646120693,17
det_13467037_e,61200.0,0,13467037,e,172,18.547236990991408,-172
det_13467239_n,61200.0,7,13467239,n,105,13.095800853708795,-98
det_13467239_s,61200.0,73,13467239,s,152,7.4481914284983,-79
det_13467239_w,61200.0,0,13467239,w,107,14.628738838327793,-107
det_13467327_n,61200.0,33,13467327,n,20,2.525343242128887,13
det_13467327_e,61200.0,7,13467327,e,39,6.672461249826393,-32
det_13467327_w,61200.0,92,13467327,w,46,5.5377492419453835,46
det_13467080_n,61200.0,15,13467080,n,126,13.219907618694183,-111
det_13467080_s,61200.0,32,13467080,s,92,7.62000762001143,-60
det_13467080_e,61200.0,3,13467080,e,188,18.930846873576083,-185
det_14254942_n,61200.0,0,14254942,n,96,13.856406460551018,-96
det_14254942_s,61200.0,5,14254942,s,65,10.1418510567422,-60
det_14254942_w,61200.0,23,14254942,w,154,13.925142890461627,-131
det_13467425_n,61200.0,64,13467425,n,63,0.12549116102763172,1
det_13467425_s,61200.0,109,13467425,s,186,6.34007966586316,-77
det_13467425_e,61200.0,53,13467425,e,40,1.9064124952775927,13
det_13467160_n,61200.0,12,13467160,n,50,6.825001477017446,-38
det_13467160_s,61200.0,4,13467160,s,28,6.0,-24
det_13467160_e,61200.0,4,13467160,e,32,6.599663291074443,-28
det_13467132_n,62100.0,10,13467132,n,53,7.661488934822832,-43
det_13467132_s,62100.0,58,13467132,s,23,5.499719409228703,35
det_13467132_w,62100.0,14,13467132,w,139,14.291548761875736,-125
det_13467037_n,62100.0,7,13467037,n,56,8.73053390247253,-49
det_13467037_s,62100.0,28,13467037,s,24,0.7844645405527362,4
det_13467037_e,62100.0,0,13467037,e,181,19.026297590440446,-181
det_13467239_n,62100.0,9,13467239,n,123,14.032429971643932,-114
det_13467239_s,62100.0,60,13467239,s,147,8.551633456984034,-87
det_13467239_w,62100.0,0,13467239,w,131,16.186414056238647,-131
det_13467327_n,62100.0,27,13467327,n,19,1.6681153124565982,8
det_13467327_e,62100.0,4,13467327,e,36,7.155417527999327,-32
det_13467327_w,62100.0,94,13467327,w,34,7.5,60
det_13467080_n,62100.0,14,13467080,n,138,14.22377549997483,-124
det_13467080_s,62100.0,30,13467080,s,115,9.98274373174996,-85
det_13467080_e,62100.0,3,13467080,e,184,18.718574377819692,-181
det_14254942_n,62100.0,0,14254942,n,77,12.409673645990857,-77
det_14254942_s,62100.0,4,14254942,s,53,9.178540953500601,-49
det_14254942_w,62100.0,18,14254942,w,164,15.304958616140008,-146
det_13467425_n,62100.0,74,13467425,n,80,0.6837634587578277,-6
det_13467425_s,62100.0,55,13467425,s,169,10.771987480762975,-114
det_13467425_e,62100.0,61,13467425,e,43,2.4961508830135313,18
det_13467160_n,62100.0,8,13467160,n,48,7.559289460184544,-40
det_13467160_s,62100.0,4,13467160,s,26,5.680375574437544,-22
det_13467160_e,62100.0,5,13467160,e,34,6.567206798038655,-29
det_13467132_n,63000.0,23,13467132,n,45,3.7729688731351945,-22
det_13467132_s,63000.0,62,13467132,s,29,4.892245489963268,33
det_13467132_w,63000.0,53,13467132,w,130,8.049708951735477,-77
det_13467037_n,63000.0,19,13467037,n,38,3.559026084010437,-19
det_13467037_s,63000.0,43,13467037,s,20,4.09800570932384,23
det_13467037_e,63000.0,17,13467037,e,175,16.12580747332259,-158
det_13467239_n,63000.0,40,13467239,n,94,6.597149995240482,-54
det_13467239_s,63000.0,99,13467239,s,143,4.0,-44
det_13467239_w,63000.0,22,13467239,w,134,12.681502782419471,-112
det_13467327_n,63000.0,38,13467327,n,18,3.779644730092272,20
det_13467327_e,63000.0,16,13467327,e,47,5.523398999523438,-31
det_13467327_w,63000.0,93,13467327,w,47,5.498051602938211,46
det_13467080_n,63000.0,38,13467080,n,100,7.463922891317691,-62
det_13467080_s,63000.0,58,13467080,s,113,5.948118774794626,-55
det_13467080_e,63000.0,14,13467080,e,172,16.38383677674072,-158
det_14254942_n,63000.0,14,14254942,n,85,10.09150057416556,-71
det_14254942_s,63000.0,20,14254942,s,60,6.324555320336759,-40
det_14254942_w,63000.0,32,14254942,w,172,13.862065601673441,-140
det_13467425_n,63000.0,70,13467425,n,61,1.112043713787388,9
det_13467425_s,63000.0,95,13467425,s,165,6.139406135149205,-70
det_13467425_e,63000.0,100,13467425,e,53,5.373622334465277,47
det_13467160_n,63000.0,34,13467160,n,63,4.1641573199828805,-29
det_13467160_s,63000.0,18,13467160,s,34,3.1378581622109447,-16
det_13467160_e,63000.0,18,13467160,e,41,4.234643242332288,-23
det_13467132_n,63900.0,11,13467132,n,37,5.307227776030219,-26
det_13467132_s,63900.0,6,13467132,s,15,2.7774602993176543,-9
det_13467132_w,63900.0,54,13467132,w,140,8.731977020149124,-86
det_13467037_n,63900.0,15,13467037,n,30,3.1622776601683795,-15
det_13467037_s,63900.0,4,13467037,s,14,3.3333333333333335,-10
det_13467037_e,63900.0,54,13467037,e,165,10.607570312998424,-111
det_13467239_n,63900.0,86,13467239,n,117,3.0770083353098836,-31
det_13467239_s,63900.0,18,13467239,s,158,14.92405014489273,-140
det_13467239_w,63900.0,27,13467239,w,126,11.318906619405583,-99
det_13467327_n,63900.0,51,13467327,n,21,5.0,30
det_13467327_e,63900.0,21,13467327,e,35,2.6457513110645907,-14
det_13467327_w,63900.0,8,13467327,w,29,4.88240082724041,-21
det_13467080_n,63900.0,36,13467080,n,129,10.238963015675154,-93
det_13467080_s,63900.0,69,13467080,s,101,3.4708873250984986,-32
det_13467080_e,63900.0,92,13467080,e,164,6.363961030678928,-72
det_14254942_n,63900.0,21,14254942,n,111,11.078234188139946,-90
det_14254942_s,63900.0,50,14254942,s,63,1.7294942736181222,-13
det_14254942_w,63900.0,3,14254942,w,165,17.675649109115383,-162
det_13467425_n,63900.0,73,13467425,n,83,1.1322770341445958,-10
det_13467425_s,63900.0,10,13467425,s,185,17.722938923964165,-175
det_13467425_e,63900.0,42,13467425,e,32,1.643989873053573,10
det_13467160_n,63900.0,30,13467160,n,56,3.9649628286477214,-26
det_13467160_s,63900.0,30,13467160,s,33,0.5345224838248488,-3
det_13467160_e,63900.0,36,13467160,e,40,0.6488856845230502,-4
